coord,addr,name
"[37.50380028448786,126.77415434253784]",경기도 부천시 원미구 중동 1058-5 ,스타벅스 신중동역점
"[37.50541300944734,126.75262753922486]",경기도 부천시 원미구 상동 544-4 ,스타벅스 부천상동점
"[37.52949798932593,126.83197703906416]",서울특별시 양천구 신월동 205-50 ,스타벅스 신월IC DT점
"[37.54061619745844,126.83740476165849]",서울특별시 강서구 화곡동 1073-9 ,스타벅스 화곡동점
"[37.4979195975082,126.77705510477135]",경기도 부천시 원미구 중동 1131-5 ,스타벅스 부천중동점
"[37.5051666954363,126.76261838593256]",경기도 부천시 원미구 중동 1031-2 ,스타벅스 부천시청역점
"[37.50432165384467,126.76108287801651]",경기도 부천시 원미구 중동 1165-1 ,스타벅스 현대백화점유플렉스중동점
"[37.504308379854336,126.76153549318965]",경기도 부천시 원미구 중동 1164 현대백화점중동점 B1,스타벅스 현대백화점중동점
"[37.325790238573006,127.10967140769175]",경기도 용인시 수지구 죽전동 1282 이마트죽전점 1F,스타벅스 이마트죽전점
"[37.33150694653871,127.1246797363765]",경기도 용인시 수지구 죽전동 1191-2 ,스타벅스 죽전점
"[37.314121899680686,127.0791455035369]",경기도 용인시 수지구 성복동 83-2 ,스타벅스 수지성복DT점
"[37.335956438286125,127.09097644482182]",경기도 용인시 수지구 동천동 946-2 1~3층,스타벅스 수지동천점
"[37.32220361581622,127.09537319501483]",경기도 용인시 수지구 풍덕천동 1080-11 비즈마루빌딩 1층,스타벅스 수지풍덕천점
"[37.298960173581364,127.06922406136971]",경기도 용인시 수지구 상현동 1119-1 신대프라자 1층,스타벅스 광교중앙로점
"[37.32494202742282,127.10831613791296]",경기도 용인시 수지구 죽전동 1289 신세계백화점 4층,스타벅스 신세계경기점
"[37.324509716902305,127.10834381258604]",경기도 용인시 수지구 죽전동 1289 신세계백화점경기점 9F,스타벅스 신세계백화점경기점 9층
"[37.319796551180495,127.0835102929406]",경기도 용인시 수지구 신봉동 909 ,스타벅스 수지이마트점
"[37.3667942939492,127.10674858048051]",경기도 성남시 분당구 정자동 19-6 ,스타벅스 정자역점
"[37.37980033236246,127.11440806203504]","경기도 성남시 분당구 수내동 10-1 분당트라팰리스 112, 113호",스타벅스 수내점
"[37.350241555780066,127.10675285306426]",경기도 성남시 분당구 금곡동 168 ,스타벅스 미금역점
"[37.340054093104634,127.10844221269227]",경기도 성남시 분당구 구미동 157 ,스타벅스 오리역삼거리점
"[37.36030544723787,127.10779631109988]",경기도 성남시 분당구 정자동 169-1 ,스타벅스 정자아데나점
"[37.37207505618731,127.10681016241244]",경기도 성남시 분당구 정자동 7 ,스타벅스 분당정자점
"[37.32030763485333,127.11033406360018]",경기도 용인시 기흥구 보정동 1263 죽전누리에뜰상가 1층,스타벅스 용인보정점
"[37.338646663911945,127.10940681747448]",경기도 성남시 분당구 구미동 185-4 ,스타벅스 오리역점
"[37.364853233317895,127.10625228491111]",경기도 성남시 분당구 정자동 159-3 SPG센터 1층,스타벅스 정자점
"[37.3489392107702,127.10850646108759]",경기도 성남시 분당구 구미동 9-1 엠코해리츠 1층,스타벅스 미금역사거리점
"[37.29157550252982,127.05046907818084]",경기도 수원시 영통구 이의동 1332 ,스타벅스 수원광교점
"[37.35897378072771,127.12008254608085]",경기도 성남시 분당구 정자동 211 ,스타벅스 분당이마트점
"[37.380384846853346,127.11665950710622]",경기도 성남시 분당구 수내동 8-1 코아빌딩,스타벅스 수내로점
"[37.370217525054606,127.10544350779807]",경기도 성남시 분당구 정자동 12-2 성원쌍떼뷰 201동 101호,스타벅스 정자상떼뷰점
"[37.304345148645886,127.10498356732143]",경기도 용인시 기흥구 보정동 1019-488 ,스타벅스 구성트레이더스점
"[37.29432258407736,127.1106288871487]",경기도 용인시 기흥구 마북동 502-234 ,스타벅스 용인마북DT점
"[37.29634094638953,127.04694654025843]",경기도 수원시 영통구 이의동 1240 ,스타벅스 광교이마트점
"[37.37776827446834,127.11378835729779]",경기도 성남시 분당구 수내동 17-1 엑스와이빌딩 1층,스타벅스 수내역점
"[37.35170924520792,127.12347452111162]",경기도 성남시 분당구 구미동 300 분당서울대병원 신관1층,스타벅스 분당서울대병원1층점
"[37.35131731916029,127.12408858896106]",경기도 성남시 분당구 구미동 300 분당서울대병원 신관4층,스타벅스 분당서울대병원4층점
"[37.3477602024262,127.1243782207128]",경기도 성남시 분당구 구미동,스타벅스분당서울대병원4층점
"[37.291089739973835,127.04944886911618]",경기도 수원시 영통구 이의동,스타벅스수원광교점
"[37.399204128976734,126.92370087214414]",경기도 안양시 만안구 안양동 674-170 ,스타벅스 안양일번가점
"[37.36065805397333,126.93179231781032]",경기도 군포시 산본동 1132-3 ,스타벅스 산본점
"[37.39154777413708,126.95513743886652]",경기도 안양시 동안구 호계동 1044-8 ,스타벅스 범계로데오점
"[37.39246959371878,126.94327801585459]",경기도 안양시 동안구 비산동 580-6 ,스타벅스 안양비산DT점
"[37.39584479618494,126.9642370408555]",경기도 안양시 동안구 관양동 1746 금강스마트빌딩 1층,스타벅스 평촌역사거리점
"[37.298908776978834,126.97156837721468]",경기도 수원시 장안구 율전동 285-6 ,스타벅스 수원성균관대점
"[37.400257271280985,126.97634043230109]","경기도 안양시 동안구 관양동 1502-6 아이 퍼스트 타워 1,2층",스타벅스 인덕원역점
"[37.39235257602808,126.95648145757187]",경기도 안양시 동안구 관양동 1591 ,스타벅스 평촌아크로점
"[37.39302755968587,126.96048123989587]",경기도 안양시 동안구 관양동 1603 ,스타벅스 평촌로데오점
"[37.358400852024666,126.93228712384905]",경기도 군포시 산본동 1142-5 ,스타벅스 산본역점
"[37.36548494464237,126.92948863133232]",경기도 군포시 산본동 1099-1 ,스타벅스 산본동점
"[37.40032532202423,126.92214879667598]",경기도 안양시 만안구 안양동 674-81 ,스타벅스 안양역점
"[37.30993438353823,126.83049785196081]",경기도 안산시 단원구 고잔동 771-3 771-4 로데오타운 1층,스타벅스 안산문화광장점
"[37.31881811508439,126.83773870885375]",경기도 안산시 단원구 고잔동 539-1 스타타워 1층,스타벅스 안산중앙점
"[37.31706865709496,126.83759642035231]",경기도 안산시 단원구 고잔동 541 안산종합상가 3동 1층 3140호,스타벅스 안산중앙역점
"[37.31822770272747,126.83359601683311]",경기도 안산시 단원구 고잔2동 536 세바프라자 1층,스타벅스 안산고잔점
"[37.33088351044291,126.7848458148633]",경기도 안산시 단원구 신길동 1687 안산신길 택지개발지구 C-1 안산트레이더스 내 1층,스타벅스 안산트레이더스점
"[37.303048305447454,126.81220725010175]",경기도 안산시 단원구 초지동 742-4 이마트고잔점 1F,스타벅스 이마트고잔점
"[37.30317149072028,126.81191203918507]",경기도 안산시 단원구 초지동,스타벅스고잔이마트점
"[37.318781967256534,126.83772798339794]",경기도 안산시 단원구 고잔동 539-1 스타벅스건물 3층 라임한의원,라임한의원
"[37.34468445350919,126.73722267210073]",경기도 시흥시 정왕동 1738-6 ,스타벅스 시화로데오점
"[37.308570926947525,126.8513654892819]","경기도 안산시 상록구 이동 715-2 한남빌딩 1, 2층",스타벅스 안산한대앞역점
"[37.30081903270009,126.83816239088654]",경기도 안산시 상록구 사동 1569-1 제비동 1층,스타벅스 안산한양대점
"[37.538376002456694,127.20395324289187]",경기도 하남시 덕풍동 419-43 ,스타벅스 하남신장점
"[37.540492711070655,127.21595940242268]","경기도 하남시 신장동 524-4 1, 2층",스타벅스 하남시청점
"[37.60053612996083,127.1417636052459]",경기도 구리시 수택동 526-3 우진빌딩 1층,스타벅스 구리돌다리점
"[37.53870260710418,127.14001735889806]",서울특별시 강동구 길동 378-3 ,스타벅스 길동역점
"[37.55099383426426,127.17422421461575]","서울특별시 강동구 상일동 373-1 1, 2층",스타벅스 상일동점
"[37.55399148275074,127.15598083503995]",서울특별시 강동구 명일동 47-7 ,스타벅스 명일이마트점
"[37.51545233929409,127.13342919901166]",서울특별시 송파구 방이동 89-12 올림픽선수촌 스포츠센터 1층,스타벅스 올림픽아파트점
"[37.53473544648751,127.13843357857562]",서울특별시 강동구 길동 459-4 1층,스타벅스 길동사거리점
"[37.48414539040772,126.78253737092375]",경기도 부천시 소사구 심곡본동 316-2 ,스타벅스 부천역사점
"[37.48351711437102,126.80929944776577]",경기도 부천시 소사구 괴안동 112-25 ,스타벅스 역곡역DT점
"[37.50069100469995,126.74406577055336]",경기도 부천시 원미구 상동 572-1 ,스타벅스 부천플레이도시점
"[37.488418780000906,126.75254835760249]",경기도 부천시 원미구 상동 464 루치올라빌딩,스타벅스 송내역점
"[37.48552105997254,126.78225498290318]","경기도 부천시 원미구 심곡동 174-1 1,2층",스타벅스 부천점
"[37.653009273829156,126.77679378027787]",경기도 고양시 일산동구 장항동 890-5 ,스타벅스 마두역점
"[37.64395102174562,126.78608651473985]",경기도 고양시 일산동구 백석동 1332 ,스타벅스 백석점
"[37.67791398546132,126.81213949567994]",경기도 고양시 일산동구 식사동 1531 ,스타벅스 일산식사점
"[37.659716173186304,126.77018966832159]",경기도 고양시 일산동구 장항동 770-1 ,스타벅스 라페스타광장점
"[37.65653128397141,126.77323410965745]",경기도 고양시 일산동구 장항동 855 ,스타벅스 일산동구청점
"[37.65445979415364,126.77331352378545]",경기도 고양시 일산동구 장항동 868 ,스타벅스 웨스턴돔B점
"[37.64388357688888,126.78741334662634]",경기도 고양시 일산동구 백석동 1296-3 ,스타벅스 백석역DT점
"[37.67381004102802,126.78692647734017]",경기도 고양시 일산동구 중산동 1809 이마트풍산점 1F,스타벅스 이마트풍산점
"[37.65708988411488,126.78804856455727]",경기도 고양시 일산동구 마두동 751 ,스타벅스 일산백마점
"[37.63356290037749,126.83165291030593]",경기도 고양시 덕양구 화정동 970-5 ,스타벅스 화정점
"[37.67150517180734,126.7593740070261]",경기도 고양시 일산서구 주엽동 18-2 ,스타벅스 주엽사거리점
"[37.67539643815877,126.74818877480962]","경기도 고양시 일산서구 대화동 2222-3 104,105,109,201호",스타벅스 대화역점
"[37.661522618534406,126.74410366255121]",경기도 고양시 일산서구 대화동 2703 ,스타벅스 킨텍스이마트점
"[37.63349426671891,126.83291156294412]",경기도 고양시 덕양구 화정동 973 ,스타벅스 화정역점
"[37.71212756078789,126.74455424240915]",경기도 파주시 동패동 1758 ,스타벅스 파주운정점
"[37.677420634211366,126.76757355623998]",경기도 고양시 일산서구 일산동 1084-1 ,스타벅스 일산후곡점
"[37.658192198209825,126.8375910120268]",경기도 고양시 덕양구 주교동 620-1 ,스타벅스 원당DT점
"[37.69505079541832,126.76217930336882]",경기도 고양시 일산서구 탄현동 1640 ,스타벅스 일산탄현점
"[37.67001762529029,126.76271993042333]",경기도 고양시 일산서구 주엽동 71-1 ,스타벅스 일산주엽점
"[37.668510408941,126.75136484095337]",경기도 고양시 일산서구 대화동 2602 현대백화점킨텍스점 B1,스타벅스 현대백화점킨텍스점
"[37.694383491251635,126.76298410817242]",경기도 고양시 일산서구 탄현동,스타벅스일산탄현점
"[37.82738110839837,127.14464101753362]",경기도 포천시 소흘읍 송우리 146-1 뉴스토리솔모루빌딩,스타벅스 포천송우점
"[37.794667129401496,127.07912897645738]",경기도 양주시 광사동 653-1 ,스타벅스 양주고읍점
"[37.75288208594823,127.07044391894172]",경기도 의정부시 금오동 474-2 대송프라자빌딩 1층,스타벅스 의정부금오점
"[37.73957605414469,127.04811141971373]",경기도 의정부시 의정부동 195-8 ,스타벅스 의정부중앙점
"[37.7382273749846,127.04623396061262]",경기도 의정부시 의정부동 168-54 신세계백화점의정부점 2F,스타벅스 신세계의정부2F점
"[37.737366816431354,127.04566637825812]",경기도 의정부시 의정부동 168-54 신세계백화점의정부점 6F,스타벅스 신세계의정부6F점
"[37.42821642739894,126.99093057440517]",경기도 과천시 중앙동 40-10 ,스타벅스 과천점
"[37.426277016486516,126.99173619247189]",경기도 과천시 별양동 1-19 뉴코아백화점 과천점 1층,스타벅스 뉴코아과천점
"[37.46256764267911,127.03663405416926]",서울특별시 서초구 양재동 215 하이브랜드 리빙관 101호,스타벅스 하이브랜드점
"[37.47606723508779,126.98099412231895]","서울특별시 관악구 남현동 1060-10 1, 2층",스타벅스 사당점
"[37.477347798097846,126.9821638697713]",서울특별시 서초구 방배동 444-7 ,스타벅스 사당로데오점
"[37.4311232906948,126.90352720408049]",경기도 안양시 만안구 석수동 385-3 ,스타벅스 안양석수DT점
"[37.44339442659933,127.15455766028394]",경기도 성남시 중원구 중앙동 208 ,스타벅스 단대오거리역점
"[37.4102719736406,127.12739015040306]",경기도 성남시 분당구 야탑동 357-1 뉴코아야탑점 1층,스타벅스 뉴코아야탑점
"[37.41079417900187,127.12977888036588]",경기도 성남시 분당구 야탑동 366-4 ,스타벅스 야탑글라스점
"[37.401338960862724,127.10881224729735]",경기도 성남시 분당구 삼평동 680 H스퀘어 S동 112호,스타벅스 판교H스퀘어점
"[37.39576782769037,127.11327153987831]",경기도 성남시 분당구 삼평동 741 푸르지오월드마크 1층,스타벅스 판교역점
"[37.4784560102169,127.12137439298034]",서울특별시 송파구 문정동 292 이마트 내 B1-26,스타벅스 가든파이브점
"[37.397321309378285,127.11135582394994]",경기도 성남시 분당구 삼평동 663 ,스타벅스 판교역로점
"[37.40375060568383,127.1155833332512]",경기도 성남시 분당구 삼평동 721 ,스타벅스 판교봇들마을점
"[37.40119548955788,127.11010154325538]",경기도 성남시 분당구 삼평동 679 판교 삼환 HIPEX B동 1층,스타벅스 판교HIPEX점
"[37.47811474012105,127.12031559752909]",서울특별시 송파구 문정동,스타벅스가든파이브점
"[37.444138925076146,127.14158681394731]",경기도 성남시 수정구 태평동,스타벅스성남쉐덴점
"[37.08949353220768,127.05814780175665]",경기도 평택시 신장동 43 ,스타벅스 오산AB점
"[37.066462961168384,127.06294181523778]",경기도 평택시 서정동 847-5 상가 1층,스타벅스 평택송탄점
"[36.991644857342855,127.08515980156118]",경기도 평택시 평택동 185-579 ,스타벅스 평택AK플라자점
"[36.95912761198841,127.04455176719463]",경기도 평택시 팽성읍 안정리 134 ,스타벅스 평택험프리점
"[36.99190634585276,127.0886953374433]",경기도 평택시 평택동 291-11 ,스타벅스 평택로데오점
"[37.142687289358136,127.07663532022444]",경기도 오산시 원동 119-84 ,스타벅스 오산IC DT점
"[37.14862398076103,127.0741203779025]",경기도 오산시 원동 231-16 ,스타벅스 오산시청점
"[37.47521897604437,126.86612865566612]",경기도 광명시 철산동 482 ,스타벅스 광명철산점
"[37.462732971815775,126.88055996345025]",경기도 광명시 하안동 53-3 ,스타벅스 광명하안점
"[37.46261542432166,126.88051650107043]",경기도 광명시 하안동,스타벅스광명하안점
"[37.479996191066775,126.88238283740814]",서울특별시 금천구 가산동 371-28 ,스타벅스 가산디지털점
"[37.4859685213369,126.8917806619741]",서울특별시 구로구 구로동 197-12 신세계아이앤씨빌딩 1층,스타벅스 신세계아이앤씨점
"[37.48337572266788,126.8987613851819]",서울특별시 구로구 구로동 1128-1 구로호텔 1층,스타벅스 구로호텔점
"[37.468939837139956,126.8957400529586]",서울특별시 금천구 독산동 291-1 ,스타벅스 금천독산점
"[37.49611512599202,126.84484634082196]",서울특별시 구로구 오류동 55-50 ,스타벅스 오류동역점
"[37.48575553555726,126.89597879300668]",서울특별시 구로구 구로동 191-7 에이스테크노타워 8차 1층,스타벅스 구로디지털로점
"[37.48425527741306,126.89453095896464]",서울특별시 구로구 구로동 212-1 에이스트윈타워1 103호,스타벅스 구로에이스점
"[37.47951213069911,126.8874213445489]",서울특별시 금천구 가산동 60-5 ,스타벅스 가산그레이트점
"[37.4815793531491,126.89358671083245]",서울특별시 구로구 구로동 235-2 ,스타벅스 구로하이엔드점
"[37.47709271917911,126.88406543844116]",서울특별시 금천구 가산동 371-37 브이타워 1층,스타벅스 가산브이타워점
"[37.478604399956716,126.88480047012763]",서울특별시 금천구 가산동 60-20 마리오아울렛3관 1F,스타벅스 마리오아울렛점
"[37.47732503193723,126.88767989024674]",서울특별시 금천구 가산동 60-27 B1층,스타벅스 Wmall점
"[37.2614491120559,127.03117473132608]",경기도 수원시 권선구 권선동 1023 ,스타벅스 수원시청점
"[37.249970006451214,127.02140234861602]",경기도 수원시 권선구 권선동 1189 ,스타벅스 수원이마트점
"[37.265500942863895,127.03300564066664]",경기도 수원시 팔달구 인계동 1038-2 ,스타벅스 수원인계점
"[37.26741172845043,127.0026524981446]",경기도 수원시 팔달구 매산로1가 53-9 ,스타벅스 수원매산점
"[37.27956078086131,127.04334671971255]",경기도 수원시 팔달구 우만동 58-32 오스타스토리빌딩 1층,스타벅스 아주대점
"[37.26792829527025,127.02792353457389]",경기도 수원시 팔달구 인계동 1019 ,스타벅스 수원인계DT점
"[37.25921548373093,127.03130480116593]",경기도 수원시 팔달구 인계동 1132-12 ,스타벅스 수원이비스점
"[37.278147357768596,127.03352045669952]",경기도 수원시 팔달구 우만동 153-20 ,스타벅스 동수원DT점
"[37.24600549961233,127.0479640368707]",경기도 수원시 영통구 신동 941 ,스타벅스 수원트레이더스점
"[37.24616446636634,127.04868341133528]",경기도 수원시 영통구 신동 941 ,이마트트레이더스 수원점
"[37.267937490294976,127.0279459657715]",경기도 수원시 팔달구 인계동 1019 스타벅스 3층,경기공인중개사사무소
"[37.51331188035625,127.1229907155617]",서울특별시 송파구 방이동 181 외 2필지,스타벅스 올림픽공원남문점
"[37.537834637866986,127.12733154822443]",서울특별시 강동구 천호동 453-14 ,스타벅스 천호로데오점
"[37.53779517837217,127.12443529155121]",서울특별시 강동구 성내2동 62-4 태승빌딩 1층,스타벅스 천호역점
"[37.38606257077785,127.1240572100779]",경기도 성남시 분당구 서현동 248-5 1층 106호,스타벅스 서현역점
"[37.525479582647826,127.12589160718319]",서울특별시 강동구 성내동 468 ,스타벅스 올림픽공원북문점
"[37.49190942150637,127.12631689966165]",서울특별시 송파구 가락동 125-6 ,스타벅스 문정로데오점
"[37.5389812380543,127.12520219100792]",서울특별시 강동구 천호동 455-4 ,스타벅스 천호이마트점
"[37.388101470352346,127.12317524005854]",경기도 성남시 분당구 서현동 254-1 미래에셋빌딩 1층,스타벅스 서현미래에셋점
"[37.5085275650685,127.12667748419851]","서울특별시 송파구 오금동 17-8 1, 2층",스타벅스 방이역점
"[37.26371494334476,127.40764830321348]",경기도 이천시 마장면 목리 산13-32 ,스타벅스 마장휴게소점
"[37.27108202933114,127.12615773842694]",경기도 용인시 기흥구 구갈동 581-1 ,스타벅스 강남대점
"[37.27825687715201,127.44634817039898]",경기도 이천시 중리동 218-5 ,스타벅스 이천터미널점
"[37.385968487163176,127.12595543403975]",경기도 성남시 분당구 서현동 246-1 금화빌딩 1층,스타벅스 서현점
"[37.53885857734378,127.12445680374273]",서울특별시 강동구 천호동 455-8 ,스타벅스 현대천호B1점
"[37.26431437145324,127.4067867514822]",경기도 이천시 마장면 목리,스타벅스마장프리미엄휴게소점
"[37.60691220090754,127.13883625531344]",경기도 구리시 인창동 383-101 1층,스타벅스 구리인창점
"[37.54739808237893,127.10609171050574]",서울특별시 광진구 광장동 329-1 ,스타벅스 광나루점
"[37.605437284456606,127.09583888532825]",서울특별시 중랑구 신내동 563-3 ,스타벅스 중랑구청점
"[37.64797538229737,127.1233247878307]",경기도 남양주시 별내동 1015 ,스타벅스 별내점
"[37.626104916087165,127.09320957658058]",서울특별시 노원구 공릉동 27-38 서울여자대학교 50주년 기념관 1층,스타벅스 서울여대점
"[37.00742025541112,127.27072802019103]",경기도 안성시 대천동 57 ,스타벅스 안성중앙로점
"[37.50719004775739,126.73418478408126]",인천광역시 부평구 삼산동 464-5 ,스타벅스 인천삼산점
"[37.51890812745053,126.73210904261913]",인천광역시 부평구 갈산동 32-2 ,스타벅스 인천갈산DT점
"[37.6001008151589,126.72060838913855]",경기도 김포시 풍무동 620-1 ,스타벅스 김포풍무DT점
"[37.64427089504999,126.66794373416143]",경기도 김포시 장기동 1608 홍우프라자 102~105호,스타벅스 김포장기점
"[37.65430098102581,126.68417405025913]",경기도 김포시 운양동 1298-1 ,스타벅스 김포운양점
"[37.618397992160055,126.71790487651228]",경기도 김포시 사우동 246-6 ,스타벅스 김포시청점
"[37.64412540284939,126.62851465667174]",경기도 김포시 구래동 6880-9 ,스타벅스 김포이마트점
"[37.75221179543276,126.76578931078588]",경기도 파주시 금촌동 986-1 청원센트럴타워 1층,스타벅스 파주금릉역점
"[37.7689000039829,126.69651496109952]",경기도 파주시 탄현면 법흥리 1790-8 파주프리미엄아울렛 3F 715,스타벅스 파주프리미엄아울렛점
"[37.66375220969776,126.60268634012903]",경기도 김포시 대곶면 거물대리 134-10 ,한주
"[37.60221560555109,126.72203305191775]",경기도 김포시 풍무동 620-1 스타벅스 지하 1층,라온하제
"[37.24247558557876,127.61229722818155]",경기도 여주시 상거동 460 ,스타벅스 여주프리미엄아울렛점 2층
"[37.241404158729935,127.61257322261427]",경기도 여주시 상거동 15-1 ,스타벅스 여주프리미엄점
"[37.240836427122005,127.61256485727077]",경기도 여주시 상거동 460 여주프리미엄아울렛 2F,스타벅스 여주프리미엄입구점
"[37.252374050713755,127.48981345948548]",경기도 이천시 부발읍 아미리 726-5 1층,스타벅스 이천하이닉스점
"[37.64812975543659,127.68602288843006]",강원도 홍천군 서면 팔봉리 1279-3 ,스타벅스 오션월드입구점
"[37.64812984590665,127.68605688499547]",강원도 홍천군 서면 팔봉리 1279-3 ,스타벅스 오션월드점
"[37.64947451456869,127.68684450149102]",강원도 홍천군 서면 팔봉리,스타벅스오션월드2점
"[37.6451818415744,127.68211447064323]",강원도 홍천군 서면 팔봉리,스타벅스대명비발디점
"[37.654056189049086,127.24286140112972]",경기도 남양주시 호평동 638 성보빌딩 1층,스타벅스 평내호평역점
"[37.64784933203198,127.23468600543832]",경기도 남양주시 평내동 246-2 ,스타벅스 평내DT점
"[37.511519074201765,127.09437143982473]",서울특별시 송파구 잠실동 40 갤러리아팰리스 1층,스타벅스 갤러리아팰리스점
"[37.515223210417126,127.09919078252959]",서울특별시 송파구 신천동 7-17 한빛프라자 1층,스타벅스 잠실역점
"[37.50938457659827,127.1051426664856]",서울특별시 송파구 송파동 7-4 ,스타벅스 석촌호수점
"[37.53603341071023,127.0927738371221]",서울특별시 광진구 구의동 589-10 ,스타벅스 강변역점
"[37.538681095274264,127.07287191990213]",서울특별시 광진구 자양동 227-7 스타시티 쇼핑몰 2층,스타벅스 건대스타시티
"[37.54065549480786,127.07072012308248]",서울특별시 광진구 화양동 5-47 ,스타벅스 건대입구점
"[37.53693911394517,127.08403889199711]",서울특별시 광진구 구의동 246-15 ,스타벅스 구의역점
"[37.55702103337188,127.07909609211168]",서울특별시 광진구 군자동 478-5 1~2층,스타벅스 군자역점
"[37.579570660303986,127.08793230149709]",서울특별시 중랑구 면목동 617-2 ,스타벅스 사가정역점
"[37.51154362453421,127.08121609753866]",서울특별시 송파구 잠실동 181 1층,스타벅스 신천역점
"[37.59682254705822,127.08637418304527]",서울특별시 중랑구 상봉동 100-2 ,스타벅스 상봉역점
"[37.5043095995979,127.10606282081204]",서울특별시 송파구 석촌동 286-9 우전빌딩 1층,스타벅스 석촌역점
"[37.593082837050055,127.07475656508288]",서울특별시 중랑구 상봉동 130-3 ,스타벅스 중랑역점
"[37.65054303558423,127.07606130030368]","서울특별시 노원구 중계동 360-6 중흥빌딩 103, 203호",스타벅스 은행사거리점
"[37.51724542580066,127.10325016964207]",서울특별시 송파구 신천동 11-4 푸르지오월드마크 1층,스타벅스 잠실점
"[37.54527218139107,127.08732054573456]",서울특별시 광진구 구의동 67-37 ,스타벅스 구의DT점
"[37.5022786421047,127.11036218602744]",서울특별시 송파구 송파동 96-7 ,스타벅스 송파사거리점
"[37.50641802156057,127.09658206780902]",서울특별시 송파구 삼전동 130-2 1층,스타벅스 석촌서호점
"[37.538460626912915,127.07118866160967]",서울특별시 광진구 자양동 227-342 ,스타벅스 건국클래식점
"[37.537360509759985,127.08260802245903]",서울특별시 광진구 자양동 779-5 타워 더 모스트 아크로텔 1층,스타벅스 자양사거리점
"[37.51066187447783,127.07906647363399]",서울특별시 송파구 잠실동 175 ,스타벅스 아시아선수촌점
"[37.61424572068454,127.07789246324484]",서울특별시 중랑구 묵1동 170-1 ,스타벅스 묵동이마트점
"[37.54265375443581,127.09952849046857]",서울특별시 광진구 광장동,스타벅스광장점
"[37.58124179162472,127.0896441572283]",서울특별시 중랑구 면목동 461-24 1층,한우빵
"[37.402745986573635,127.09947726006281]",경기도 성남시 분당구 삼평동 617 ,스타벅스 판교브릿지타워점
"[37.385975586594284,127.12204816826416]",경기도 성남시 분당구 서현동 261-5 ,스타벅스 서현N타운점
"[37.38416951639945,127.12030764858017]",경기도 성남시 분당구 서현동 267-3 ,스타벅스 분당구청점
"[37.39129696031715,127.07772799831078]",경기도 성남시 분당구 운중동 943 ,스타벅스 서판교점
"[37.39258710068137,127.11207802571008]",경기도 성남시 분당구 백현동 541 ,인얼스커피 현대백화점판교점
"[37.245114594763,127.05598915270812]",경기도 수원시 영통구 망포동 322-3 골든스퀘어 120-1호,스타벅스 수원망포역점
"[37.255569928570615,127.07459424581369]",경기도 수원시 영통구 영통동 958-2 ,스타벅스 수원영통점
"[37.24796335914868,127.07672746383392]",경기도 수원시 영통구 영통동 1024-4 ,스타벅스 경희대국제캠퍼스점
"[37.267133050080126,127.07486992230068]",경기도 용인시 기흥구 영덕동 522-2 ,스타벅스 수원IC DT점
"[37.20173443560541,127.07290880604066]",경기도 화성시 반송동 106-1 동탄파라곤2 상가 1층,스타벅스 동탄점
"[37.20827697375051,127.06381609229797]",경기도 화성시 반송동 42-2 센트럴파티오 1층,스타벅스 동탄센트럴파크점
"[37.20490697706802,127.07184485350638]",경기도 화성시 반송동 93-1 ,스타벅스 동탄광장점
"[37.20611034996952,127.07247225179181]",경기도 화성시 동탄1동 134 ,NOBJE
"[37.57214266477144,126.98695417014983]",서울특별시 종로구 인사동 39 ,스타벅스 인사점
"[37.5712847949099,126.97629080139363]",서울특별시 종로구 세종로 185-2 ,스타벅스 광화문점
"[37.56445341950784,126.97923673259922]",서울특별시 중구 소공동 87-10 ,스타벅스 소공동점
"[37.569941210914536,126.9845162194226]",서울특별시 종로구 종로2가 84-10 ,스타벅스 종각점
"[37.57055773202593,126.99021319815692]",서울특별시 종로구 종로3가 9-3 ,스타벅스 종로3가점
"[37.56804284402089,126.97857648354312]",서울특별시 중구 무교동 45 코오롱 빌딩 1층,스타벅스 무교동점
"[37.57760205585325,126.89063903333532]",서울특별시 마포구 상암동 1654 이안상암 1단지 102호,스타벅스 상암DMC점
"[37.56448896741932,126.97917965148301]",서울특별시 중구 소공동 87-10 ,스타벅스커피 코리아
"[37.56363197146954,126.9645784193425]",서울특별시 서대문구 충정로2가 191 유원골든타워 102호,스타벅스 경기대점
"[37.57488406007673,126.96951698730976]",서울특별시 종로구 사직동 9 광화문풍림스페이스본 201동 109호,스타벅스 스페이스본점
"[37.575319217719745,126.97396008260002]",서울특별시 종로구 적선동 66 노스게이트빌딩 1층,스타벅스 적선점
"[37.56729797640596,126.96855746122151]","서울특별시 중구 충정로1가 68 문화일보 1, 2층",스타벅스 문화일보점
"[37.573858635517325,126.97905176396019]",서울특별시 종로구 수송동 146-1 ,스타벅스 이마빌딩점
"[37.568920042685605,126.98416784734127]",서울특별시 종로구 관철동 43-9 ,스타벅스 광교점
"[37.58536110359792,126.98174792249566]",서울특별시 종로구 삼청동 112 ,스타벅스 삼청동점
"[37.566189662245236,126.97996012528908]",서울특별시 중구 을지로1가 50 ,스타벅스 시청점
"[37.60118362863529,126.9268790726097]",서울특별시 은평구 응암동 96-1 외 3필지,스타벅스 은평구청입구점
"[37.5814548654556,127.00229357197841]",서울특별시 종로구 동숭동 1-115 ,스타벅스 마로니에공원점
"[37.617744829262804,126.9200033273548]",서울특별시 은평구 대조동 198-10 ,스타벅스 연신내역점
"[37.577385176922384,126.98572838781271]",서울특별시 종로구 재동 109 ,스타벅스 안국점
"[37.5810460551284,126.89085965014948]",서울특별시 마포구 상암동 1603 ,스타벅스 상암MBC점
"[37.576537115222905,127.00145350725965]",서울특별시 종로구 연건동 128-8 홍익대학교대학로캠퍼스 1층,스타벅스 대학로점
"[37.6058107811323,126.96680273700987]",서울특별시 종로구 평창동 310-1 ,스타벅스 종로평창점
"[37.582944366500726,126.99836759492626]",서울특별시 종로구 명륜3가 154-3 ,스타벅스 성대입구점
"[37.634283119209286,126.91852906078873]",서울특별시 은평구 진관동 100-6 ,스타벅스 구파발역점
"[37.56567800249553,126.98331764300386]",서울특별시 중구 을지로2가 198 ,스타벅스 을지로입구역점
"[37.57029738053206,126.93395593917582]",서울특별시 서대문구 연희동 87-7 ,스타벅스 연희DT점
"[37.611758215717,126.91762077368081]",서울특별시 은평구 대조동 224-14 ,스타벅스 구산역점
"[37.562935879298465,126.9746392971829]",서울특별시 중구 서소문동 75 대한빌딩 1층,스타벅스 서소문로점
"[37.60050251608509,126.92036587751126]",서울특별시 은평구 응암동 90-1 이마트은평점 1F,스타벅스 이마트은평점
"[37.56319960101888,126.98220810433017]",서울특별시 중구 명동2가 85-5 ,스타벅스 명동입구점
"[37.57561278532183,126.98080519556088]",서울특별시 종로구 중학동 14 ,스타벅스 경복궁사거리점
"[37.57830108224037,126.92232811828023]",서울특별시 서대문구 남가좌동 344-1 ,스타벅스 명지대점
"[37.569785405839156,126.98211849113972]",서울특별시 종로구 서린동 33 영풍문고 지하 2층,스타벅스 영풍문고점
"[37.57720875279038,126.97262090354612]",서울특별시 종로구 통의동 35-41 ,스타벅스 경복궁역점
"[37.566923869992564,126.98464774025125]",서울특별시 중구 을지로2가 15 삼화인쇄빌딩,스타벅스 을지로센터점
"[37.57610690230514,126.88878194884016]",서울특별시 마포구 상암동 1647 1층,스타벅스 상암디지털큐브점
"[37.58358999277748,127.00118947517798]",서울특별시 종로구 명륜4가 7 ,스타벅스 대명거리점
"[37.56314985719551,126.94674636786515]",서울특별시 서대문구 대현동 11-1 ,스타벅스 이대ECC점
"[37.5628338342268,126.97222975815026]",서울특별시 중구 서소문동 57-9 서영빌딩 1층,스타벅스 서소문배재점
"[37.57169227645589,126.98068882110896]",서울특별시 종로구 청진동 19 ,스타벅스 종로수송점
"[37.5636753895127,126.97887381880359]",서울특별시 중구 소공동 112-5 ,스타벅스 소공로북창점
"[37.57134810036638,126.99837575739869]",서울특별시 종로구 인의동 48-2 ,스타벅스 주얼리시티점
"[37.56621678794674,126.97997107486786]",서울특별시 중구 을지로1가 50 ,스타벅스 시청플러스점
"[37.56209549581174,126.98583383947911]",서울특별시 중구 충무로2가 7-1 ,스타벅스 명동길점
"[37.56656739024067,126.98510536033443]",서울특별시 중구 을지로2가 11 ,스타벅스 SKT Tower점
"[37.56645361157173,126.94640554438602]",서울특별시 서대문구 대신동 115 ,스타벅스 연대동문점
"[37.564359603365816,126.9903308261428]",서울특별시 중구 저동2가 24-1 ,스타벅스 중구저동점
"[37.57942759917151,126.98643657775436]",서울특별시 종로구 계동 101-14 ,스타벅스 북촌로점
"[37.58330579826867,127.00274439743941]",서울특별시 종로구 동숭동 1-38 상명대학교 문화예술센터 1층,스타벅스 상명아트홀점
"[37.56248585606093,126.97677341930466]",서울특별시 중구 태평로2가 69-7 대영빌딩 1층,스타벅스 태평로점
"[37.56414754008922,126.98451563611962]",서울특별시 중구 명동1가 48-2 ,스타벅스 명동미래점
"[37.56972292045119,126.97489717927326]",서울특별시 종로구 신문로1가 163 ,스타벅스 새문안로점
"[37.56341982354415,126.96916556629027]",서울특별시 중구 순화동 1-170 1층,스타벅스 순화동에이스점
"[37.563429455682765,126.97544750364429]",서울특별시 중구 서소문동 91 대양빌딩 1층,스타벅스 서소문점
"[37.56513174761944,126.98370992379944]",서울특별시 중구 을지로2가 199-33 ,스타벅스 명동메트로점
"[37.56481915624487,126.98717786639114]",서울특별시 중구 저동1가 90-10 ,스타벅스 명동성당점
"[37.58298201164449,127.00388092008903]",서울특별시 종로구 동숭동 30 ,스타벅스 동숭로아트점
"[37.570640731305566,126.98728015824165]",서울특별시 종로구 인사동 75-4 ,스타벅스 종로2가점
"[37.563439695497664,126.98288398123945]",서울특별시 중구 명동2가 83-5 눈스퀘어 4층,스타벅스 명동눈스퀘어점
"[37.569133719726466,126.98596481261507]",서울특별시 종로구 관철동 12-15 2층,스타벅스 종로관철점
"[37.56965133318026,126.98643323497312]",서울특별시 종로구 관철동 14-5 ,스타벅스 새종로점
"[37.569823211663945,126.99177395912375]",서울특별시 종로구 관수동 59-7 ,스타벅스 서울극장
"[37.5673871395546,126.98298878215857]",서울특별시 중구 남대문로1가 21 ,스타벅스 을지로1가점
"[37.56380002931167,126.98078504679239]",서울특별시 중구 소공동 70 ,스타벅스 소공로점
"[37.57099211462009,126.9789097725593]",서울특별시 종로구 청진동 268-2 ,스타벅스 광화문역점
"[37.5637438133084,126.98576621791312]","서울특별시 중구 명동2가 2-16 1, 2, 3층",스타벅스 명동중앙로점
"[37.564930531940966,126.93832241731943]",서울특별시 서대문구 신촌동 134 ,스타벅스 연세백양로점
"[37.56979658699026,126.98866131107066]",서울특별시 종로구 관수동 3-5 ,스타벅스 종로관수점
"[37.56994982561859,126.99182885259405]",서울특별시 종로구 관수동,스타벅스서울극장점
"[37.5766113920666,127.00171289991877]",서울특별시 종로구 연건동,스타벅스대학로홍대점
"[37.575129410400066,126.98117405011074]",서울특별시 종로구 수송동,리틀야곱
"[37.56251258968644,126.97673909693424]",서울특별시 중구 태평로2가 69-8 대영빌딩 304호 스타벅스 건물,안앤김공증인합동사무소
"[37.56718197276839,126.98322928376317]",서울특별시 중구 삼각동 115 6층,창업1번가
"[37.234778299448536,127.20298667263495]",경기도 용인시 처인구 김량장동 295-10 ,스타벅스 용인처인구청점
"[37.28086280319872,127.11095644009762]",경기도 용인시 기흥구 신갈동 733 ,스타벅스 용인기흥구청점
"[37.28168001033779,127.11058596927397]",경기도 용인시 기흥구 신갈동,스타벅스용인기흥구청점
"[37.444140156442025,126.70217045175691]",인천광역시 남동구 구월동 1472 ,스타벅스 구월로데오점
"[37.396962516871824,126.65070621943187]",인천광역시 연수구 송도동 20-23 114호,스타벅스 송도점
"[37.39451797932052,126.64102657128049]",인천광역시 연수구 송도동 23-4 제 A동 101~103호,스타벅스 송도센트럴파크점
"[37.44952047222339,126.70145591090838]",인천광역시 남동구 구월동 1124 흥국생명 인천사옥,스타벅스 인천예술회관역점
"[37.471596509925405,126.7023515182947]",인천광역시 부평구 십정동 402-56 ,스타벅스 동암역점
"[37.45179378819487,126.65497717195464]",인천광역시 남구 용현동 199-18 ,스타벅스 인하대점
"[37.463815435200154,126.68072638100249]",인천광역시 남구 주안동 141-1 ,스타벅스 주안역점
"[37.39973053578748,126.7247456629432]",인천광역시 남동구 논현동 649-4 ,스타벅스 인천논현점
"[37.45169587193434,126.7075665352512]",인천광역시 남동구 구월동 1144-13 ,스타벅스 구월삼성화재점
"[37.446454445444836,126.70122638274484]",인천광역시 남동구 구월동 1456 이토타워 1층,스타벅스 인천구월점
"[37.39926563175946,126.63704442877969]","인천광역시 연수구 송도동 19-1 201-101호, 201-202호",스타벅스 송도커낼워크점
"[37.403639930168474,126.68111585748906]",인천광역시 연수구 동춘동 926-9 이마트연수점 1F,스타벅스 이마트연수점
"[37.44266797720175,126.70103192662124]",인천광역시 남구 관교동 15 신세계백화점인천점 2F,스타벅스 신세계백화점인천점
"[37.44145467147491,126.7013128106369]",인천광역시 남구 관교동 15 인천 신세계백화점 2층,스타벅스 신세계인천2층점
"[37.44248649373938,126.70173569582526]",인천광역시 남구 관교동 15 ,스타벅스 신세계백화점인천점A
"[37.44420334075222,126.70218066104802]",인천광역시 남동구 구월동 1472 ,메종드스시
"[37.21397651115183,127.07935005486013]",경기도 화성시 석우동 44 ,스타벅스 동탄이마트점
"[37.48235641525098,127.03683230883524]",서울특별시 서초구 양재동 14-4 ,스타벅스 양재역점
"[37.477774082743835,127.04509940453912]",서울특별시 강남구 개포4동 1229-1 ,스타벅스 포이점
"[37.48194415597957,127.04264929501348]",서울특별시 서초구 양재동 4-3 대흥빌딩,스타벅스 영동2교점
"[37.485310105078675,127.0344085493992]",서울특별시 강남구 도곡1동 953-1 양재sk허브프리모,더도리샵
"[35.336914834748406,129.0264634344339]",경상남도 양산시 중부동 705 ,스타벅스 양산이마트점
"[35.15243179792326,128.1057036887585]",경상남도 진주시 가좌동 492-5 ,스타벅스 진주경상대점
"[35.18434256744039,128.06818252812013]",경상남도 진주시 신안동 350-1 ,스타벅스 진주신안점
"[35.192978149859634,128.08289347175432]","경상남도 진주시 중안동 12-7 1, 2층",스타벅스 진주중안점
"[35.17878091594371,128.09469269463875]",경상남도 진주시 칠암동 490-15 ,스타벅스 경남과기대점
"[35.17878993029401,128.094692705092]",경상남도 진주시 칠암동,스타벅스진주산업대점
"[35.152422773961675,128.10571465276215]",경상남도 진주시 가좌동 492-5 스타벅스 3층 지오헤어 5호점,더앤샵
"[35.33545996432637,129.02689602820197]",경상남도 양산시 중부동 710-1 ,스타벅스 양산터미널점
"[35.32876085168527,129.01431657027177]",경상남도 양산시 물금읍 범어리 2711-4 ,스타벅스 경남남양산점
"[35.32127310948027,129.17714406835418]",부산광역시 기장군 정관면 매학리 717-1 조은프라자 1~2층,스타벅스 부산정관점
"[35.22798833390666,128.8965504166322]",경상남도 김해시 삼정동 616-5 ,스타벅스 김해대로DT점
"[35.23712432502575,128.86742648116493]",경상남도 김해시 내동 1140-4 ,스타벅스 김해내동점
"[35.26153919147662,128.87171988235036]",경상남도 김해시 삼계동 1479-7 ,스타벅스 김해삼계점
"[35.22958507267527,128.86288605995244]","경상남도 김해시 외동 238-5 1, 2층",스타벅스 김해외동DT점
"[35.17651443623733,128.81283373038946]",경상남도 김해시 관동동 1095-9 1층,스타벅스 김해율하점
"[35.24368842769217,128.9041067935159]",경상남도 김해시 어방동 474-2 ,스타벅스 김해인제대점
"[35.224481749601935,128.68391879238519]",경상남도 창원시 성산구 상남동 6-1 ,스타벅스 창원상남동점
"[35.16392955217584,128.98324353557663]",부산광역시 사상구 괘법동 526-7 ,스타벅스 사상역점
"[35.222684991262184,128.68444197661503]",경상남도 창원시 성산구 상남동 14-5 유탑프라자 1층,스타벅스 창원상남중앙점
"[35.22989276030012,128.6818659018769]",경상남도 창원시 의창구 용호동 73-30 ,스타벅스 창원용지호수점
"[35.23369362699925,129.0131647120682]",부산광역시 북구 화명동 2287-3 라움빌딩 1층 106호,스타벅스 부산화명역점
"[35.21063091292576,129.00840805967408]",부산광역시 북구 덕천동 383-1 ,스타벅스 부산덕천역점
"[35.15276903746529,129.02259785535273]",부산광역시 부산진구 개금동 177-289 ,스타벅스 부산개금역점
"[35.2201214364322,128.6834757857979]",경상남도 창원시 성산구 상남동 22-7 ,스타벅스 창원상남사거리점
"[34.94113693044897,128.08631761425815]",경상남도 사천시 벌리동 256-14 ,스타벅스 사천벌리점
"[35.1010135984514,128.80993379018884]",경상남도 창원시 진해구 용원동 1211-11 ,스타벅스 진해용원점
"[35.23984565903928,128.65217390054147]",경상남도 창원시 의창구 대원동 121 창원 시티세븐몰 1층 E-121,스타벅스 창원시티세븐점
"[35.254433566437825,128.6118724912629]",경상남도 창원시 의창구 팔용동 104-5 ,스타벅스 창원팔용점
"[35.178584960649125,128.5585275368969]",경상남도 창원시 마산합포구 해운동 17-7 ,스타벅스 경남대점
"[35.23813312067325,128.58326072948975]","경상남도 창원시 마산회원구 합성동 268-3 1, 2층",스타벅스 마산터미널점
"[35.22320260186467,128.68056863957958]",경상남도 창원시 성산구 상남동 78-4 창원리베라컨벤션 106호,스타벅스 창원리베라점
"[35.21984629975109,128.5864032752479]",경상남도 창원시 마산합포구 산호동 10-3 신세계백화점마산점 B1,스타벅스 신세계백화점마산점
"[34.843802422166874,128.7034105504022]",경상남도 거제시 일운면 소동리 115 거제대명리조트,스타벅스 거제대명리조트점
"[34.890854368770825,128.61615579947312]",경상남도 거제시 장평동 1211 오션백화점 1층,스타벅스 디큐브거제점
"[34.890769581688865,128.622183408873]",경상남도 거제시 고현동 977-4 ,스타벅스 거제고현점
"[34.89362983237183,128.6917562714789]",경상남도 거제시 옥포동 535-5 ,스타벅스 거제옥포점
"[34.887182052580584,128.41764144770417]",경상남도 통영시 광도면 죽림리 1566-2 ,스타벅스 통영이마트점
"[36.4802210351405,127.26180528451862]",세종특별자치시 나성동 720 ,스타벅스 세종첫마을
"[36.47013308240012,127.25258382362993]",세종특별자치시 가람동 65 이마트세종점 1층,스타벅스 세종이마트점
"[36.504470349579,127.27020426159069]",세종특별자치시 어진동 3-113 ,스타벅스 세종청사점
"[36.48024813910775,127.26181618711585]",세종특별자치시 나성동 720 스타벅스빌딩 805호,법무법인 민율 세종분사무소
"[36.48023004678671,127.2618051990406]",세종특별자치시 나성동 720 스타벅스행복타워 603호,현대해상화재보험 세종시지점
"[36.50410681521825,127.24937731334477]",세종특별자치시 종촌동 151-104 ,스타벅스 세종종촌점
"[35.11625224395942,129.04075782707787]",부산광역시 동구 초량동 1199-9 교원빌딩 1층,스타벅스 부산역점
"[35.13783622062363,129.06409789747568]",부산광역시 동구 범일동 828-9 상록회관 1층,스타벅스 범일교차로점
"[35.1130075043252,129.03967443796031]",부산광역시 동구 초량동 1212-22 대창빌딩 1층,스타벅스 부산초량점
"[35.141225648866815,129.05892957795413]",부산광역시 동구 범일동 62-5 ,인얼스 커피현대백화점부산점
"[35.09897323292249,129.027990902415]",부산광역시 중구 남포동3가 1-3 ,스타벅스 BIFF광장점
"[35.15429103593216,129.06358773952317]",부산광역시 부산진구 전포동 691-2 ,스타벅스 서면전포역점
"[35.10370386268848,129.03666059486218]",부산광역시 중구 중앙동4가 25-4 ,스타벅스 부산중앙로점
"[35.153000283541644,129.057611452497]",부산광역시 부산진구 부전동 522-4 ,스타벅스 서면일번가점
"[35.15409234036435,129.06157668062815]",부산광역시 부산진구 부전동 219-3 ,스타벅스 부산서면점
"[35.10189516067794,129.0310109612326]",부산광역시 중구 대청동2가 34-1 ,스타벅스 광복중앙로점
"[35.15544075763501,129.05890521265823]",부산광역시 부산진구 부전동 255-11 ,스타벅스 부산서면중앙로점
"[35.10518836880216,129.03593351735424]",부산광역시 중구 중앙동4가 53-6 53-30,스타벅스 부산중앙역점
"[35.15146558636896,129.06097186632738]",부산광역시 부산진구 부전동 537-9 ,스타벅스 서면센트럴스퀘어점
"[35.10361809068415,129.02020671327827]",부산광역시 서구 부민동1가 18-13 ,스타벅스 부민사거리점
"[35.14650113568935,129.06585681271844]",부산광역시 남구 문현동 1229-1 ,스타벅스 BIFCMall점
"[35.112687841091486,129.01678748670835]",부산광역시 서구 동대신동3가 510 ,스타벅스 부산동대신역점
"[35.15368703193766,129.06769558028853]",부산광역시 부산진구 전포동,전포종합사회복지관빵집
"[35.07612845642103,129.01661882325027]",부산광역시 서구 암남동 355-17 ,스타벅스 부산송도비치점
"[35.09829059216409,129.035122379567]",부산광역시 중구 광복동1가 40-2 ,스타벅스 남포동역점
"[35.0984249059866,128.99430173762846]",부산광역시 사하구 괴정동 961-6 ,스타벅스 부산괴정역점
"[35.19789006449105,129.06060886139556]",부산광역시 동래구 사직동 47-27 ,스타벅스 부산사직점
"[35.19798987828432,129.06053329071582]",부산광역시 동래구 사직동 47-27 스타벅스 건물 6층,쉬즈의원
"[35.155027692542,129.1208557349098]",부산광역시 수영구 민락동 178-19 ,스타벅스 광안리점
"[35.148348446704574,129.11401486841183]",부산광역시 수영구 남천동 3-35 ,스타벅스 남천점
"[35.15510840045005,129.12090074319667]",부산광역시 수영구 민락동,스타벅스광안리점주차장
"[35.19586180491629,129.1069546416588]",부산광역시 동래구 안락동 256-4 ,스타벅스 부산안락DT점
"[35.187036016547324,129.08317378467356]",부산광역시 연제구 연산동 603-10 ,스타벅스 부산연산역점
"[35.16696857484996,129.1327429055482]",부산광역시 해운대구 우동 1510 센텀드림월드 103호,스타벅스 센텀드림월드점
"[35.1373920301696,129.10070900238549]",부산광역시 남구 대연동 55-1 센츄리21오피스텔 1층,스타벅스 경성대점
"[35.16979485815541,129.13221128301785]",부산광역시 해운대구 우동 1498 트럼프월드센텀 1층,스타벅스 센텀시티역점
"[35.17462979180109,129.1269979264232]",부산광역시 해운대구 우동 1462 센텀그린타워 1층,스타벅스 센텀그린타워점
"[35.134946584296955,129.09303912381742]",부산광역시 남구 대연동 1740-1 1층,스타벅스 부산대연역점
"[35.1711571066119,129.13112144336182]",부산광역시 해운대구 우동 1488 ,스타벅스 월드마크센텀점
"[35.157322257546134,129.14346403694861]",부산광역시 해운대구 우동 1408 ,스타벅스 신세계마린시티점
"[35.16783646685782,129.1315035607543]",부산광역시 해운대구 우동 1518 ,스타벅스 센텀로점
"[35.16883676740278,129.1353813767439]",부산광역시 해운대구 우2동 1500 ,스타벅스 벡스코점
"[35.16867157270582,129.1299124675975]",부산광역시 해운대구 우동 1495 신세계백화점센텀시티점 B1,스타벅스 센텀신세계B1점
"[35.171798126306136,129.12907751820404]",부산광역시 해운대구 우동 1468 KNN타워 1층,스타벅스 센텀KNN점
"[35.142211161205445,129.10107016547934]",부산광역시 남구 대연동 1858 대연힐스테이트 115동 121호,스타벅스 대연힐스테이트점
"[35.168642179880756,129.13016453505696]",부산광역시 해운대구 우동 1495 신세계백화점센텀시티점 8F,스타벅스 센텀로망스점
"[35.15630279561056,129.14451439049714]","부산광역시 해운대구 우동 1407-11 제니스스퀘어 137, 138호",스타벅스 제니스스퀘어점
"[35.168530236983024,129.12960315307313]",부산광역시 해운대구 우동 1495 신세계백화점센텀시티점 6F,스타벅스 센텀갤러리점
"[35.155036908256015,129.1208339106779]",부산광역시 수영구 민락동 178-19 (씨타워빌딩 스타벅스 5F),마노
"[35.13981443387582,129.1029472435256]",부산광역시 남구 대연동,스타벅스대연힐스테이트점
"[35.10720873690498,128.96817040290568]",부산광역시 사하구 하단동 529-16 ,스타벅스 하단역점
"[35.106469215321596,128.96595689200004]",부산광역시 사하구 하단동 526-5 ,스타벅스 하단중앙점
"[35.04893659925161,128.96429253298075]",부산광역시 사하구 다대동 1548-39 ,스타벅스 부산다대포점
"[35.11308504974648,128.96488312627616]",부산광역시 사하구 하단동 812-4 ,스타벅스 부산동아대점
"[35.15682768191896,129.05801220709975]",부산광역시 부산진구 부전동 257-42 ,스타벅스 서면중앙점
"[35.15794507375849,129.0601120739428]",부산광역시 부산진구 부전동 139-3 ,스타벅스 서면역점
"[35.15788549777575,129.06176864285504]",부산광역시 부산진구 부전동 143-5 ,스타벅스 서면서전로점
"[35.157960037209534,129.0573683214702]",부산광역시 부산진구 부전동 486-20 ,스타벅스 서면메디컬거리점
"[35.16167031279495,129.06188368516675]",부산광역시 부산진구 부전동 573-7 ,스타벅스 부전역점
"[35.322808458750835,129.23467403139077]",부산광역시 기장군 장안읍 좌천리 545 부산프리미엄아울렛 2F 9001,스타벅스 부산프리미엄미들점
"[35.325167070549156,129.23672254865315]",부산광역시 기장군 장안읍 좌천리 545 부산프리미엄아울렛 1400동 175호,스타벅스 부산프리미엄점
"[35.18066637692473,129.20226342463152]",부산광역시 해운대구 송정동 297-31 ,스타벅스 부산송정비치점
"[35.17223967953783,129.17551882152804]",부산광역시 해운대구 좌동 1461-3 ,스타벅스 블루스퀘어점
"[35.22191383338283,129.08580094691027]",부산광역시 동래구 온천동 153-8 에스케이허브스카이 1층,스타벅스 부산온천장역점
"[35.207254350500946,129.07198758662827]",부산광역시 동래구 온천동 1428-50 ,스타벅스 동래미남DT점
"[35.230667640347,129.08664261748342]",부산광역시 금정구 장전동 310-3 ,스타벅스 부산대점
"[35.23050468429259,129.0887276927061]",부산광역시 금정구 장전동 414-39 ,스타벅스 부산대역점
"[35.18540052267395,129.08059387045114]",부산광역시 연제구 연산동 1242-12 ,스타벅스 연산중앙로점
"[35.23209243197753,129.0845633420442]",부산광역시 금정구 장전동 401-13 1~2층,스타벅스 부산대정문점
"[35.195722126563,129.07746923318248]","부산광역시 연제구 거제동 89-60 2, 3층",스타벅스 부산교대점
"[35.220081075666926,129.08008676321967]",부산광역시 동래구 온천1동 178-7 벽산아스타아파트 102동 2902호,길스베이비
"[35.08405752626426,128.90315342258717]",부산광역시 강서구 명지동 3238 ,스타벅스 명지오션시티점
"[35.084173311785136,128.9033411218956]",부산광역시 강서구 명지동,스타벅스오션시티점
"[35.264008351660294,129.0847466886395]",부산광역시 금정구 남산동 992-7 ,스타벅스 부산외대점
"[35.25012927126167,129.09053933636665]",부산광역시 금정구 구서동 368 ,스타벅스 금정이마트점
"[35.157976789541394,129.18232702269927]","부산광역시 해운대구 중동 1490-1 외 1필지 1, 2층",스타벅스 해운대달맞이점
"[35.15966319309349,129.15986186218376]",부산광역시 해운대구 우동 627-1 ,스타벅스 하버타운점
"[35.16924770779629,129.1763868615929]",부산광역시 해운대구 좌2동 1479-1 ,스타벅스 장산역점
"[35.16151206780333,129.1709959520664]",부산광역시 해운대구 중동 1779 ,스타벅스 해운대달맞이DT점
"[35.16014846861576,129.16658603167207]",부산광역시 해운대구 중동 1124-2 ,스타벅스 팔래드시즈점
"[35.15828601122252,129.15020564009313]",부산광역시 해운대구 우동 1432 ,스타벅스 베네시티점
"[35.16589242468055,129.1672937303026]",부산광역시 해운대구 중동 1767 ,스타벅스 해운대이마트점
"[35.16364690251712,129.0522939165909]",부산광역시 부산진구 부암동 93 ,스타벅스 서면트레이더스점
"[37.3438889505649,127.93114929754346]",강원도 원주시 단계동 882-2 ,스타벅스 원주터미널점
"[37.33045360312614,127.94935212652085]",강원도 원주시 단구동 1511-4 대신프라자 1층,스타벅스 원주단구점
"[37.581198626404536,128.32732137331132]",강원도 평창군 봉평면 면온리 1095-1 센터프라자 2층,스타벅스 휘닉스파크점
"[38.211392664001224,128.49382761869887]","강원도 고성군 토성면 원암리 403-1 대명델피노 리조트 A,B동",스타벅스 대명델피노점
"[38.20259918062469,128.58952802968236]",강원도 속초시 금호동 484-6 ,스타벅스 속초중앙로점
"[37.879998395530876,127.72746566610056]",강원도 춘천시 중앙로2가 9 ,스타벅스 춘천명동점
"[37.87273056798198,127.74508800446864]",강원도 춘천시 효자동 632-3 ,스타벅스 강원대점
"[37.86379638314821,127.71911504148225]",강원도 춘천시 온의동 511 이마트 1층,스타벅스 춘천이마트점
"[37.880043630448455,127.72754507378492]",강원도 춘천시 중앙로2가 5-1 ,아들딸한의원
"[37.77140759096808,128.94869196192]",강원도 강릉시 견소동 158 ,스타벅스 강릉안목항점
"[37.75457318262467,128.89618444658922]",강원도 강릉시 임당동 122-2 ,스타벅스 강릉중앙로점
"[36.47458434611242,127.14006015405384]","충청남도 공주시 신관동 265-17 1, 2층",스타벅스 공주신관점
"[36.20116746774106,127.08988545457717]",충청남도 논산시 취암동 1061-9 ,스타벅스 논산중앙점
"[36.298573087209434,127.33793870561408]",대전광역시 서구 관저동 1515 ,스타벅스 대전관저점
"[36.33179696896639,127.33864904668712]",대전광역시 서구 도안동 849 ,스타벅스 대전목원대점
"[36.891193971559886,126.6390304228368]",충청남도 당진시 읍내동 1057 ,스타벅스 당진문예의전당점
"[36.776614058784865,126.44883720363224]","충청남도 서산시 읍내동 38-5 1, 2층",스타벅스 서산호수점
"[36.78393058252618,127.01623562033049]",충청남도 아산시 모종동 568-1 ,스타벅스 아산터미널점
"[36.809954234607424,127.11101824739823]",충청남도 천안시 서북구 불당동 739 ,스타벅스 천안불당점
"[36.79558167993008,127.12696121309429]",충청남도 천안시 서북구 쌍용동 191 천안이마트 1층,스타벅스 천안이마트점
"[36.81902153592482,127.15322578174475]",충청남도 천안시 동남구 신부동 966 천안신부동 더샵상가 111호,스타벅스 천안신부동점
"[36.820262777009404,127.15669803821248]",충청남도 천안시 동남구 신부동 354-1 ,스타벅스 천안터미널점
"[36.81973346456196,127.15576231436708]",충청남도 천안시 동남구 신부동 363-2 신세계백화점충청점 1F,스타벅스 신세계백화점충청점
"[36.825434491191665,127.14020811884902]",충청남도 천안시 서북구 성정동 625-3 ,스타벅스 천안성정DT점
"[36.83400007794063,127.1346301978711]",충청남도 천안시 서북구 두정동 975-1 ,스타벅스 천안두정점
"[36.71645219341554,127.42328333702467]",충청북도 청주시 청원구 오창읍 양청리 752-1 ,스타벅스 오창과학단지점
"[36.643825064233454,127.42520076946985]",충청북도 청주시 흥덕구 복대동 3379 ,스타벅스 청주지웰시티점
"[36.62532626044263,127.42955326637005]",충청북도 청주시 흥덕구 강서동 478 ,스타벅스 청주강서점
"[36.64471419290417,127.42643552898862]",충청북도 청주시 흥덕구 복대동 3380 현대백화점유플렉스충청점 B1,스타벅스 현대백화점유플렉스충청점
"[36.64375101825561,127.42666633676261]",충청북도 청주시 흥덕구 복대동,스타벅스청주지웰시티점
"[37.49160584275233,126.7244629363073]",인천광역시 부평구 부평동 159-25 ,스타벅스 부평점
"[37.491517244602136,126.72210108737296]",인천광역시 부평구 부평동 549-78 ,스타벅스 부평역점
"[37.49673436387524,126.72295080749468]",인천광역시 부평구 부평동 203-14 현대해상화재보험 1층,스타벅스 부평시장역점
"[37.49305307908918,126.72498111385909]",인천광역시 부평구 부평동 193-7 ,스타벅스 부평로데오점
"[37.516657690123495,126.72560894576067]",인천광역시 부평구 갈산1동 171 이마트 1층,스타벅스 부평이마트점
"[37.509176285681036,126.71205035486221]",인천광역시 부평구 청천동 199-1 ,스타벅스 부평GM점
"[37.49377779181231,126.72200602788811]","인천광역시 부평구 부평동 546-1 1, 2층",스타벅스 부평사거리점
"[37.51017228263472,126.71001993109489]",인천광역시 부평구 청천동,스타벅스부평GM점
"[37.52709296123661,126.72157359344766]",인천광역시 계양구 작전동 442-1 1층,스타벅스 인천작전점
"[37.48314184856019,126.66065659227402]",인천광역시 동구 송림동 296-2 ,스타벅스 송림트레이더스점
"[37.54235482376815,126.67646940353112]",인천광역시 서구 심곡동 248-5 ,스타벅스 인천서구청DT점
"[37.53213181333707,126.65208743338614]",인천광역시 서구 연희동 800-3 홍익파크빌딩,스타벅스 인천청라점
"[37.53990519266119,126.7349331347843]",인천광역시 계양구 계산동 1063-14 ,스타벅스 인천계양점
"[37.45020779267282,126.45595244593547]",인천광역시 중구 운서동 2851 ,스타벅스 인천공항출국점
"[37.47908738258033,126.44104531049074]",인천광역시 중구 운서동 2840 인천공항 여객터미널 지하1층,스타벅스 인천공항랜드점
"[37.45636088812552,126.44558607181244]",인천광역시 중구 운서동 2840 인천국제공항탑승동A 3F,스타벅스 인천국제공항탑승동A점
"[37.447644261711886,126.45215151307205]",인천광역시 중구 운서동 2851 ,스타벅스 인천공항입국점
"[37.44906050858165,126.45159117292529]",인천광역시 중구 운서동 2840 인천국제공항 B1,스타벅스 인천공항중앙점
"[37.448263783408635,126.44992373971913]",인천광역시 중구 운서동,스타벅스인천공항탑승동점
"[35.84305872827178,127.12678241904483]",전라북도 전주시 덕진구 덕진동1가 1263-3 ,스타벅스 전북대점
"[35.815557834719435,127.1093009314879]",전라북도 전주시 완산구 효자동3가 1541-7 ,스타벅스 전북도청점
"[35.825113882592156,127.11693008213976]",전라북도 전주시 완산구 중화산동2가 744-5 ,스타벅스 전주중화산점
"[35.81487669382273,127.10617695187692]",전라북도 전주시 완산구 효자동2가 1154-3 ,스타벅스 전주홍산로점
"[35.81984225463086,127.14448844717596]",전라북도 전주시 완산구 고사동 142-2 ,스타벅스 전주경원점
"[35.813435527039886,127.14851863029276]",전라북도 전주시 완산구 전동 187-9 ,스타벅스 전주한옥마을점
"[35.958140626330206,126.97362289218769]",전라북도 익산시 영등동 149-1 ,스타벅스 익산영등점
"[35.96422574365874,126.71713151402034]",전라북도 군산시 수송동 850 ,스타벅스 군산수송점
"[35.965480118770685,126.70303174843576]",전라북도 군산시 나운동 95-12 ,스타벅스 군산나운점
"[35.94570198019442,126.68602060107017]",전라북도 군산시 미룡동 872-4 ,스타벅스 군산대점
"[35.98797147839484,128.63636102177205]",대구광역시 동구 중대동 665-2 ,스타벅스 대구팔공산점
"[35.87623245216587,128.62860007141936]",대구광역시 동구 신천동 330-6 ,스타벅스 동대구터미널점
"[35.87035848213939,128.7271748775494]",대구광역시 동구 신서동 520-1 반야월이마트 1층,스타벅스 반야월이마트점
"[35.87994954934154,128.65324900697632]",대구광역시 동구 효목동 1105 1.2층,스타벅스 대구동촌유원지점
"[35.92206951162334,128.6395225851672]",대구광역시 동구 봉무동 1539-8 ,스타벅스 대구봉무점
"[35.85899887379317,128.6234926510254]",대구광역시 수성구 범어동 559-5 ,스타벅스 수성범어역점
"[35.86016912789149,128.62896040335406]",대구광역시 수성구 범어동 179 ,스타벅스 대구범어제니스점
"[35.8673227365132,128.59410314831797]",대구광역시 중구 동성로3가 91-16 ,스타벅스 동성로광장점
"[35.90802447821576,128.6123660789252]",대구광역시 북구 산격2동 1676 ,스타벅스 엑스코점
"[35.89232496911506,128.60855663441598]",대구광역시 북구 산격동 1399-1 ,스타벅스 경북대점
"[35.867535436973824,128.59665157926278]",대구광역시 중구 삼덕동1가 17-3 ,스타벅스 동성로중앙점
"[35.86964215905406,128.60074242802975]",대구광역시 중구 동인동2가 25-1 ,스타벅스 대구공평DT점
"[35.86730854111721,128.59332791824718]",대구광역시 중구 동성로3가 35-13 ,스타벅스 대구중앙로점
"[35.867304226441796,128.5978346784659]",대구광역시 중구 삼덕동1가 25-1 ,스타벅스 동성로로데오점
"[35.86969071387163,128.5964241177764]",대구광역시 중구 동성로2가 166-1 대구백화점 1F,스타벅스 대구백화점
"[35.86044585305323,128.61379363541]",대구광역시 수성구 수성동4가 1090-8 ,스타벅스 대구수성하이츠점
"[35.85640544476397,128.65025468243627]",대구광역시 수성구 만촌동 853-3 ,스타벅스 대구만촌DT점
"[35.86411449163221,128.627696062809]",대구광역시 수성구 범어동 45-32 ,스타벅스 대구법원점
"[35.86631234154781,128.62622960571812]",대구광역시 수성구 범어동 2-1 ,스타벅스 대구삼성화재점
"[35.85911138408127,128.62957208207436]",대구광역시 수성구 범어동,스타벅스대구범어제니스점
"[35.866214873916825,128.5921238769638]","대구광역시 중구 덕산동 53-3 동아백화점쇼핑점 1,2F",스타벅스 반월당점
"[35.86611622371129,128.59202348582707]",대구광역시 중구 덕산동 53-3 동아백화점쇼핑점 1F,스타벅스 반월당점 1층
"[35.88748711498922,128.59188345667096]",대구광역시 북구 침산동 245-1 ,스타벅스 대구침산DT점
"[35.65422713229043,128.4163288147393]",대구광역시 달성군 구지면 응암리,스타벅스
"[35.818264115075834,128.53654625893213]",대구광역시 달서구 상인동 228-6 ,스타벅스 대구상인역점
"[35.8557893677389,128.49377455926808]",대구광역시 달서구 신당동 1721-12 ,스타벅스 대구계명대점
"[35.84444708019192,128.53666719029565]",대구광역시 달서구 감삼동 490-1 ,스타벅스 대구감삼DT점
"[35.82278312985453,128.53376563721366]",대구광역시 달서구 상인동 54-3 ,스타벅스 대구상인DT점
"[35.942196763590495,128.5637728871556]",대구광역시 북구 구암동 769-1 태을빌딩 1층,스타벅스 대구칠곡점
"[35.83775733571046,128.55690076487642]",대구광역시 달서구 성당동 261-7 ,스타벅스 대구성당못역점
"[35.85888048138819,128.56159907631516]",대구광역시 달서구 두류동 135-14 ,스타벅스 대구두류DT점
"[35.8551167186239,128.5102337978869]",대구광역시 달서구 이곡동 1248-1 ,스타벅스 대구성서점
"[35.85831762025209,128.55665700676087]",대구광역시 서구 내당동 469-9 DBS 타워1층,스타벅스 두류역점
"[35.83534071723566,128.5799954759225]",대구광역시 남구 대명동 493-36 ,스타벅스 대구앞산점
"[35.942545857781845,128.56043917037553]",대구광역시 북구 동천동 908-2 ,스타벅스 대구동천점
"[35.82560518209768,128.62171514609966]",대구광역시 수성구 두산동 840-1 ,스타벅스 수성레이크점
"[35.83909782423423,128.62348079326966]",대구광역시 수성구 두산동 113 ,스타벅스 수성리더스점
"[35.84915685031024,128.53759564828945]",대구광역시 달서구 감삼동 141-5 ,스타벅스 대구알리앙스점
"[35.82109211808788,128.64011716812357]",대구광역시 수성구 범물동 1273 동아백화점수성점 2F,스타벅스 동아백화점수성점
"[35.839485637194784,128.7080420931294]","대구광역시 수성구 신매동 567-43 1, 2층",스타벅스 대구시지점
"[35.83469854099444,128.72036316829758]",경상북도 경산시 중산동 160-1 이마트 1층,스타벅스 경산이마트점
"[33.20671194903253,126.28990587927667]",제주특별자치도 서귀포시 대정읍 상모리 133 1~2층,스타벅스 제주송악산점
"[33.46289012728684,126.93543888095158]",제주특별자치도 서귀포시 성산읍 성산리 109-11 ,스타벅스 성산일출봉점
"[33.25131097489128,126.41288602523024]",제주특별자치도 서귀포시 색달동 2864-2 ,스타벅스 제주중문점
"[33.25499069950323,126.41581339176928]",제주특별자치도 서귀포시 색달동 2476-1 ,스타벅스 제주중문DT점
"[33.24954100322107,126.50655024902392]",제주특별자치도 서귀포시 강정동 246 ,스타벅스 서귀포DT점
"[33.247797435332565,126.56209791938761]","제주특별자치도 서귀포시 서귀동 293-9 293-15 1, 2층",스타벅스 제주서귀포점
"[33.487808682864824,126.48185750731639]",제주특별자치도 제주시 노형동 1295-16 ,스타벅스 제주노형점
"[33.48511025339,126.48016158901346]",제주특별자치도 제주시 노형동 919 이마트신제주점 1층,스타벅스 신제주이마트점
"[33.48601572473949,126.49080834151965]",제주특별자치도 제주시 연동 273-42 ,스타벅스 신제주점
"[33.51237245584727,126.48449595672123]",제주특별자치도 제주시 용담3동 2572-4 ,스타벅스 용담DT점
"[33.51327883800659,126.52522818234289]",제주특별자치도 제주시 일도1동 1461-1 ,스타벅스 제주칠성점
"[33.512391404740754,126.4845709650034]",제주특별자치도 제주시 용담3동,스타벅스제주용담DT점
"[36.35445967548658,127.33963842735096]",대전광역시 유성구 봉명동 446-9 ,스타벅스 대전유성점
"[36.360669685946085,127.34463358697548]",대전광역시 유성구 궁동 482-7 ,스타벅스 충남대정문점
"[36.3734710042245,127.31950690633761]",대전광역시 유성구 지족동 907-3 ,스타벅스 대전노은점
"[36.425532988667,127.39262206498456]",대전광역시 유성구 관평동 958 ,스타벅스 대전관평동점
"[36.42510348375459,127.38969246672049]",대전광역시 유성구 관평동 937 ,스타벅스 대전테크노밸리점
"[36.37637602880543,127.39016251082326]",대전광역시 유성구 도룡동 4-20 ,스타벅스 대전엑스포점
"[36.399464047453044,127.4005060952792]",대전광역시 유성구 전민동 303-1 ,스타벅스 대전전민점
"[36.3529520508342,127.37778870338555]",대전광역시 서구 둔산동 1010 ,스타벅스 둔산은하수점
"[36.36068770991984,127.34463343586101]",대전광역시 유성구 궁동 482-7 스타벅스커피 1층,하나유학
"[36.32912838902478,127.42753197808443]",대전광역시 중구 은행동 48-14 ,스타벅스 은행동점
"[36.32794325630771,127.42659391406241]",대전광역시 중구 은행동 149 ,스타벅스 대전중앙로역점
"[36.33498807050096,127.39670083020603]",대전광역시 서구 용문동 250-3 ,스타벅스 대전수침교DT점
"[36.35023651955098,127.3772532521381]",대전광역시 서구 둔산2동 1046 1층,스타벅스 대전둔산점
"[36.36772715367326,127.38198368771666]",대전광역시 서구 만년동 333 ,스타벅스 대전만년점
"[36.353354155052656,127.38059319320462]",대전광역시 서구 둔산동 1355 ,스타벅스 대전대덕로점
"[36.35109270247145,127.38947958755828]",대전광역시 서구 둔산동 1487 ,스타벅스 대전시청역점
"[36.36100650229906,127.37727888758538]",대전광역시 서구 월평동 279 ,스타벅스 대전월평점
"[36.34822307038379,127.3834970462539]",대전광역시 서구 탄방동 587 ,스타벅스 대전시청사거리점
"[36.34653345200643,127.38792206590429]",대전광역시 서구 탄방동 748 정우빌딩 1층,스타벅스 대전탄방점
"[36.32099880038329,127.40894802545785]",대전광역시 중구 문화동 1-16 백화점세이 세이투 1층,스타벅스 대전세이1층점
"[36.3588787950397,127.38759142863577]",대전광역시 서구 둔산동 922 둔산관광호텔 1층,스타벅스 대전호텔점
"[36.320401684415636,127.40848478179838]",대전광역시 중구 문화동 1-16 5층,스타벅스 대전세이점
"[36.35774972332105,127.36297590190314]",대전광역시 서구 월평동 510 월평트레이더스점 1층,스타벅스 월평트레이더스점
"[36.34806079558039,127.38348718462923]",대전광역시 서구 탄방동 587 ,쏘카 스타벅스시청사거리점
"[36.36614732803524,127.43802553906924]",대전광역시 대덕구 송촌동 459-1 ,스타벅스 대전송촌점
"[36.349916031305035,127.4380530769066]",대전광역시 동구 용전동 68-21 1층,스타벅스 대전터미널점
"[36.3513606944834,127.4367057299238]",대전광역시 동구 용전동 63-27 1층,스타벅스 대전터미널후문점
"[36.350425529949135,127.43715811609981]",대전광역시 동구 용전동 63-3 2층,스타벅스 대전스타일마켓점
"[36.306983907103806,127.45633325803043]",대전광역시 동구 가오동 604 ,스타벅스 대전가오점
"[36.6267623434969,127.43210310651162]",충청북도 청주시 흥덕구 가경동 1416-2 ,스타벅스 청주터미널점
"[36.63350120281284,127.48937194971708]",충청북도 청주시 상당구 남문로2가 48-2 ,스타벅스청주성안길점
"[36.63405521824573,127.45969136731784]",충청북도 청주시 서원구 사창동 155-9 ,스타벅스 충북대점
"[36.63538865445278,127.4860943047274]",충청북도 청주시 상당구 서문동 150-2 ,스타벅스 청주서문점
"[36.982700716122636,127.93991202034388]",충청북도 충주시 연수동 1491 1층,스타벅스 충주연수점
"[36.97055843790148,127.93317166017786]","충청북도 충주시 성서동 385 C&C몰 106호, 107호",스타벅스 충주성서점
"[36.759369219031164,128.07755866280397]",경상북도 문경시 문경읍 상초리 288-33 ,스타벅스 문경새재점
"[35.553992501710674,129.32118199343427]",울산광역시 중구 성남동 249-19 ,스타벅스 울산성남동점
"[35.550572092764995,129.29836257297214]",울산광역시 중구 태화동 483-10 ,스타벅스 울산태화점
"[35.54247802361512,129.26016459497527]",울산광역시 남구 무거동 619-10 ,스타벅스 울산대점
"[35.54795666863141,129.26287508538803]",울산광역시 남구 무거동 464-1 ,스타벅스 울산신복점
"[35.54052257295885,129.33874811088722]","울산광역시 남구 삼산동 1524-6 1, 2층",스타벅스 울산디자인거리점
"[35.53848376516367,129.3372917421201]",울산광역시 남구 삼산동 1478-5 ,스타벅스 울산삼산로점
"[35.53913862763472,129.33513026915935]",울산광역시 남구 달동 1367-9 ,스타벅스 울산삼산대로점
"[35.588538034473856,129.3673523959115]",울산광역시 북구 화봉동 449-6 ,스타벅스 울산화봉점
"[35.521623417593666,129.43126176039416]",울산광역시 동구 서부동 100-6 ,스타벅스 현대동구점
"[35.53333101983879,129.31077606234746]",울산광역시 남구 신정동 672-15 ,스타벅스 울산공업탑점
"[35.533348563451455,129.31082045321526]",울산광역시 남구 신정동 672-6 상승빌딩 4~7층,한국경찰학원
"[35.35900401518308,129.35919135387647]",울산광역시 울주군 서생면 대송리 25-18 ,스타벅스 울산간절곶점
"[35.49980598324326,129.42873639651495]",울산광역시 동구 일산동 945 ,스타벅스 울산테라스파크점
"[35.15377944184928,126.84793099462115]",광주광역시 서구 치평동 1182-2 ,스타벅스 광주상무점
"[35.16076549748917,126.88261565486313]",광주광역시 서구 광천동 49-1 신세계백화점광주점 1F,스타벅스 신세계백화점광주점
"[35.15507616747056,126.848746835186]",광주광역시 서구 치평동 1216 눈높이 상무센터 1층,스타벅스 광주상무대교점
"[35.14218152560558,126.85775117633696]",광주광역시 서구 쌍촌동 902-13 ,스타벅스 광주금호DT점
"[35.15200203929897,126.85345446110686]",광주광역시 서구 치평동 1240-6 1층,스타벅스 상무치평점
"[35.17155508646974,126.86613348796772]",광주광역시 서구 동천동 596 1층,스타벅스 광주동림점
"[35.147543155757404,126.84806279280727]",광주광역시 서구 치평동 1176-3 ,스타벅스 상무역점
"[35.15856691258638,126.88172375496215]",광주광역시 서구 화정동 12-13 ,스타벅스 신세계광주패션몰점
"[35.16065744666807,126.88262810867127]",광주광역시 서구 광천동 49-1 신세계백화점광주점 5F,스타벅스 신세계광주5F점
"[35.17720759704911,126.91242738037134]",광주광역시 북구 용봉동 152-1 ,스타벅스 전남대점
"[35.17870134843811,126.89521510706379]",광주광역시 북구 용봉동 1383-4 ,스타벅스 광주용봉점
"[35.125846798018316,126.89747632257482]",광주광역시 남구 주월동 408-1 빅스포 1층,스타벅스 광주진월점
"[35.12295326179843,126.91444363550887]",광주광역시 남구 봉선동 109-8 ,스타벅스 광주봉선점
"[35.14789440420515,126.91743775726357]",광주광역시 동구 금남로2가 35 ,스타벅스 충장서림점
"[35.14935864398481,126.91486128280312]",광주광역시 동구 충장로3가 4 ,스타벅스 광주충장로점
"[35.16253832712531,126.8103674699081]",광주광역시 광산구 우산동 1585-5 ,스타벅스 광주하남점
"[35.14682913334759,126.91826396040774]",광주광역시 동구 충장로1가 13-8 ,스타벅스 충장일가점
"[35.125302631871286,126.91106619539683]",광주광역시 남구 봉선동 473-19 ,스타벅스 광주봉선중앙점
"[35.17757230482447,126.87829078067911]",광주광역시 북구 운암동 65-11 ,스타벅스 광주운암DT점
"[35.17917934906508,126.82997414843356]",광주광역시 광산구 신가동 706-1 ,스타벅스 광주신가DT점
"[35.14735485684684,126.91455865367739]",광주광역시 동구 황금동 108 ,스타벅스 광주황금점
"[35.16296201947281,126.8103722764132]",광주광역시 광산구 우산동 1586-23 ,쏘카 스타벅스하남점옆점
"[35.14462725992371,126.93016693704175]",광주광역시 동구 서석동 419-1 ,스타벅스 조선대점
"[35.133849539433434,126.95425004378747]",광주광역시 동구 운림동 340-5 339,스타벅스 광주무등산점
"[35.212788411385695,126.86853684723408]",광주광역시 북구 신용동 542-45 ,스타벅스 광주용두DT점
"[35.209835558691275,126.86507434359139]",광주광역시 북구 신용동 754 ,스타벅스 광주첨단신용점
"[35.214605619999624,126.8433598692631]",광주광역시 광산구 월계동 889-1 106호,스타벅스 광주첨단점
"[35.219283492614274,126.84239282362269]",광주광역시 광산구 쌍암동 656-3 ,스타벅스 쌍암점
"[35.219274585175356,126.84240393401866]",광주광역시 광산구 쌍암동,스타벅스광주쌍암점
"[35.1904762899344,126.82467356429623]",광주광역시 광산구 수완동 1426 ,스타벅스 광산수완점
"[35.191255137700324,126.81949071422783]",광주광역시 광산구 장덕동 1302 ,스타벅스 광주장덕점
"[37.595734516599634,127.06139535891272]",서울특별시 동대문구 이문동 305-60 ,스타벅스 외대점
"[37.56227482676949,127.06542603949106]",서울특별시 동대문구 장안동 433-7 ,스타벅스 장한평역점
"[37.623202093329375,127.06076690159205]",서울특별시 노원구 월계동 410-1 ,스타벅스 광운대점
"[37.6257985226699,127.06208233233066]",서울특별시 노원구 월계동 333-1 이마트월계점 1F,스타벅스 이마트월계점
"[37.59577983411847,127.06142876175313]",서울특별시 동대문구 이문동 305-60 스타벅스 3층,라이프한의원
"[37.557186991854635,127.04219678859805]","서울특별시 성동구 행당동 31-4 경희빌딩 1, 2층",스타벅스 한양대점
"[37.562750873817194,127.03389664746226]",서울특별시 성동구 도선동 58-1 ,스타벅스 왕십리역점
"[37.561741628375835,127.03830139253203]",서울특별시 성동구 행당동 168-1 왕십리역사 엔터식스몰 지하 1층,스타벅스 엔터식스점
"[37.55703411056941,127.04001434472409]",서울특별시 성동구 행당동 155-1 ,스타벅스 엔터식스한양대점
"[37.539975516594,127.05317810314077]",서울특별시 성동구 성수동2가 333-16 이마트성수점 2F,스타벅스 이마트성수점
"[37.52673462840785,127.02821807195411]",서울특별시 강남구 신사동 580-2 관영빌딩 1층,스타벅스 압구정역점
"[37.523184404214,127.02165732676757]",서울특별시 강남구 신사동 529-10 ,스타벅스 가로수길점
"[37.57122848558387,127.02280648099186]",서울특별시 중구 황학동 2198 ,스타벅스 황학캐슬점
"[37.56538260302084,127.01435935618512]",서울특별시 중구 흥인동 132 1층,스타벅스 신당역점
"[37.52400186460846,127.02790281320563]",서울특별시 강남구 신사동 583-3 ,스타벅스 압구정미소점
"[37.523859168358086,127.0468767675547]",서울특별시 강남구 청담동 6-5 리츠타워,스타벅스 청담사거리점
"[37.51875104499017,127.05145537642227]",서울특별시 강남구 삼성동 53 ,스타벅스 청담공원점
"[37.51855537869962,127.02302999514102]",서울특별시 강남구 신사동 536-9 ,스타벅스 신사가로수길점
"[37.5798067751793,127.04487334916391]",서울특별시 동대문구 전농동 620-2 ,스타벅스 청량리역점
"[37.55542310044607,127.01076697083433]",서울특별시 중구 신당동 374-27 ,스타벅스 약수역점
"[37.576720404520344,127.0255423485611]",서울특별시 동대문구 신설동 76-10 ,스타벅스 신설동역점
"[37.52442888813663,127.05160975719629]",서울특별시 강남구 청담동 52-1 ,스타벅스 청담점
"[37.52684212187119,127.03473329139968]",서울특별시 강남구 신사동 635-13 ,스타벅스 압구정로점
"[37.52655660998051,127.0406086914189]",서울특별시 강남구 청담동 84-3 ,스타벅스 압구정로데오역점
"[37.51911491573697,127.028599709969]",서울특별시 강남구 논현동 59-8 ,스타벅스 을지병원사거리점
"[37.528081734421555,127.03647095007786]",서울특별시 강남구 신사동 639-7 ,스타벅스 신압구정점
"[37.53341281415322,127.00566073680032]",서울특별시 용산구 한남동 657-104 ,스타벅스 순천향입구점
"[37.53550559239275,127.06895101686942]",서울특별시 광진구 자양동 507-6 이튼타워리버2차 1층,스타벅스 자양점
"[37.57139188390372,127.02186476153774]",서울특별시 중구 황학동 2545 이마트청계천점 1F,스타벅스 이마트청계천점
"[37.52239041837871,127.03798088493699]",서울특별시 강남구 논현동 93-2 ,스타벅스 학동사거리점
"[37.56127308350272,126.94041168459034]",서울특별시 서대문구 대신동 143-27 ,스타벅스 연세종합관점
"[37.55834857105144,126.94587454169819]",서울특별시 서대문구 대현동 54-4 ,스타벅스 이대점
"[37.558707923565294,126.93671297296505]",서울특별시 서대문구 창천동 33-9 ,스타벅스 연대점
"[37.55611765191323,126.93923971978748]",서울특별시 서대문구 창천동 20-41 아남인베스텔 1층,스타벅스 신촌대로점
"[37.55648540427136,126.93705013985856]","서울특별시 서대문구 창천동 18-55 즐거운빌딩 1, 2, 3층",스타벅스 신촌점
"[37.561503869661806,126.96336281018618]",서울특별시 서대문구 충정로3가 95-1 ,스타벅스 충정로역점
"[37.558912996720615,126.92750826127873]",서울특별시 서대문구 창천동 374 3R U-City B303호,스타벅스 동교삼거리점
"[37.56004300763093,126.96425457743628]",서울특별시 서대문구 충정로3가 464 ,스타벅스 충정타워점
"[37.55647896963736,126.94034375820686]",서울특별시 서대문구 창천동 20-25 ,스타벅스 신촌아트레온점
"[37.55890264835442,126.94033207090526]",서울특별시 서대문구 창천동 5-1 에스프리빌딩 1층,스타벅스 신촌기차역점
"[37.55780181904029,126.93815193738779]",서울특별시 서대문구 창천동 13-19 ,스타벅스 신촌명물거리점
"[37.561328545787916,126.9732012101905]",서울특별시 중구 서소문동 135 명지빌딩 1층,스타벅스 올리브타워점
"[37.5489625951411,126.91436492164027]",서울특별시 마포구 합정동 414-3 ,스타벅스 합정역점
"[37.55723903704995,126.92376333918259]",서울특별시 마포구 동교동 159-1 상진빌딩 1층,스타벅스 홍대역점
"[37.559914627595475,126.9722472223579]",서울특별시 중구 순화동 195-1 포스코더샾 A동 102호,스타벅스 순화동더샵점
"[37.54765647610985,126.95332436448139]",서울특별시 마포구 공덕동 462 파크팰리스2,스타벅스 공덕역점
"[37.55575899768196,126.9107351650847]",서울특별시 마포구 서교동 475-13 ,스타벅스 망원역점
"[37.547530082886325,126.9232352714069]",서울특별시 마포구 상수동 329-1 ,스타벅스 상수역점
"[37.551657630999806,126.97288121420434]",서울특별시 용산구 동자동 45 센트레빌 아스테리움 서울 KDB생명타워 1층,스타벅스 서울역동자동점
"[37.55026047936416,126.92326389376146]",서울특별시 마포구 상수동 86-22 ,스타벅스 홍대삼거리점
"[37.55684363821439,126.91993222383174]",서울특별시 마포구 동교동 205-6 영준빌딩 1층,스타벅스 동교점
"[37.55850041483392,126.97333056795799]",서울특별시 중구 남대문로5가 6-1 YTN빌딩 1층,스타벅스 숭례문점
"[37.551311996931304,126.9170582781645]",서울특별시 마포구 서교동 395-166 ,스타벅스 서교점
"[37.553266473861235,126.92486167786493]","서울특별시 마포구 서교동 343-10 정명빌딩 1, 2층",스타벅스 홍대갤러리점
"[37.558439777107814,126.97568560473802]",서울특별시 중구 남대문로5가 120 단암빌딩,스타벅스 남산단암점
"[37.55238220006696,126.93766297008206]",서울특별시 마포구 신수동 63-14 1층,스타벅스 서강대점
"[37.550308137703475,126.91371165245414]",서울특별시 마포구 서교동 490 메세나폴리스 B1,스타벅스 합정메세나몰점
"[37.55195571303649,126.9555050653503]",서울특별시 마포구 아현동 738 ,스타벅스 애오개역점
"[37.55194612152786,126.92334149821671]",서울특별시 마포구 서교동 362-1 ,스타벅스 홍대공원점
"[37.54905206227525,126.9142957230811]",서울특별시 마포구 합정동 414-3 스타벅스건물 2층,HESED Entertainment
"[37.495427576809035,126.9548453537574]",서울특별시 동작구 상도동 501-9 ,스타벅스 숭실대점
"[37.47844913991389,126.98135749638233]","서울특별시 동작구 사당동 1031-27 양지빌딩 1, 2층",스타벅스 사당역점
"[37.49163322148182,126.92363114620201]",서울특별시 동작구 신대방동 395-66 ,스타벅스 보라매타운점
"[37.5228004423884,126.92167891910981]",서울특별시 영등포구 여의도동 27-3 대한투자신탁빌딩 1층,스타벅스 대투점
"[37.51876928209496,126.90951971497498]",서울특별시 영등포구 영등포동3가 2-21 우성타워 1층,스타벅스 영등포본동점
"[37.486114813501345,126.92913784326711]",서울특별시 관악구 신림동 1432-71 ,스타벅스 신림점
"[37.51460108623712,126.90019174155702]","서울특별시 영등포구 문래동3가 55-20 에이스하이테크시티 1-105 A, B호",스타벅스 하이테크시티점
"[37.481223112223205,126.95134598085232]",서울특별시 관악구 봉천동 869-1 ,스타벅스 서울대입구역점
"[37.4938630665353,126.99362151042321]",서울특별시 서초구 방배동 797-24 ,스타벅스 서래마을성당점
"[37.52115181908076,126.96913649596469]",서울특별시 용산구 이촌동 302-60 ,스타벅스 동부이촌동점
"[37.486453369037434,126.9827414024131]",서울특별시 서초구 방배동 3000-1 한신 휴플러스 1층,스타벅스 이수역점
"[37.484712338388334,126.93048079447071]","서울특별시 관악구 신림동 1422 35, 36, 37호 영일빌딩",스타벅스 신림사거리점
"[37.5045651405213,126.91008828074146]","서울특별시 영등포구 신길동 252-9 1, 2층",스타벅스 영등포신길DT점
"[37.51734911573742,126.89727815993302]",서울특별시 영등포구 문래동3가 55-5 ,스타벅스 문래역점
"[37.484051896758906,126.93018492001052]",서울특별시 관악구 신림동 1641-2 포도몰 1층,스타벅스 신림역포도몰점
"[37.49747993819945,126.98562267879572]",서울특별시 서초구 방배본동 755-14 리첸시아방배 1층,스타벅스 방배카페입구점
"[37.51881971753695,126.9278222017793]",서울특별시 영등포구 여의도동 45-21 ,스타벅스 여의도알리안츠점
"[37.52555385148345,126.92620984868208]",서울특별시 영등포구 여의도동 23-1 국제금융센터 Two IFC 1층 101호,스타벅스 여의도IFC점
"[37.52056099821694,126.92608909417937]",서울특별시 영등포구 여의도동 36 롯데캐슬 1층,스타벅스 롯데캐슬여의도점
"[37.48998769853644,126.99246355411498]","서울특별시 서초구 방배동 851-1 1, 2층",스타벅스 내방역점
"[37.52453025526138,126.92561361199942]",서울특별시 영등포구 여의도동 23 IFC몰 B3,스타벅스 IFC몰점
"[37.4911112944449,126.92568539758695]",서울특별시 관악구 봉천동 729-21 대교눈높이보라매 센터 1층,스타벅스 보라매대교점
"[37.51720003246106,126.90352457101945]",서울특별시 영등포구 영등포동4가 442 타임스퀘어 2F 228,스타벅스 타임스퀘어점
"[37.52392504255725,126.92445704961183]",서울특별시 영등포구 여의도동 23-9 ,스타벅스 여의도점
"[37.52019498852181,126.92944283027377]",서울특별시 영등포구 여의도동 44-22 ,스타벅스 여의도호성점
"[37.51713626083972,126.90539198119068]",서울특별시 영등포구 영등포동4가 434-5 신세계백화점영등포점 B2,스타벅스 신세계영등포B2점
"[37.517217343293616,126.90539079678163]",서울특별시 영등포구 영등포동4가 434-5 신세계백화점영등포점 1F,스타벅스 신세계영등포B점
"[37.522462134501936,126.92905973837412]",서울특별시 영등포구 여의도동 34-11 ,스타벅스 여의도한양증권점
"[37.522521932110074,126.929692401513]",서울특별시 영등포구 여의도동 34-3 대우증권빌딩 1층,스타벅스 대우증권점
"[37.519875576789865,126.93198137635909]",서울특별시 영등포구 여의도동 43-4 ,스타벅스 동여의도점
"[37.51746841687497,126.90331702732486]",서울특별시 영등포구 영등포동4가 442 타임스퀘어 B2 B210,스타벅스 타임스퀘어B2점
"[37.517428872888274,126.89520688691807]",서울특별시 영등포구 문래동3가,스타벅스문래역점
"[37.5246274011724,126.92539726924541]",서울특별시 영등포구 여의도동,스타벅스여의도IFCB3점
"[37.51696823099511,126.90573379439894]",서울특별시 영등포구 영등포동4가 433-30 ,클릭
"[37.492297185508,127.01415582685408]",서울특별시 서초구 서초1동 1657-5 ,스타벅스 교대점
"[37.4848675121982,127.01679758724718]",서울특별시 서초구 서초동 1445-4 유니빌 1층,스타벅스 남부터미널점
"[37.50010493636018,127.02557758309888]",서울특별시 서초구 서초동 1307-19 ,스타벅스 강남2호점
"[37.49933009556189,126.99864867232704]",서울특별시 서초구 반포4동 92-1 ,스타벅스 서래마을입구점
"[37.48192187804676,126.99759207170014]",서울특별시 서초구 방배동 908-10 ,스타벅스 방배역점
"[37.505195430830206,127.00392009302544]",서울특별시 서초구 반포동 19-3 신세계백화점강남점 5F,스타벅스 신세계강남9층점
"[37.503027295922415,127.00432212673957]",서울특별시 서초구 반포동 118-3 ,스타벅스 파미에파크점
"[37.49784690101004,127.02601405572108]",서울특별시 서초구 서초동 1317-23 GT타워,스타벅스 강남GT타워점
"[37.490673779142625,127.00859096777805]",서울특별시 서초구 서초동 1542-14 ,스타벅스 서초역점
"[37.50531523943619,127.02366628490353]",서울특별시 서초구 반포동 748-1 ,스타벅스 신논현역점
"[37.49831253842973,127.0267544185974]",서울특별시 서초구 서초동 1318-8 ,스타벅스 몬테소리점
"[37.49538399457713,127.02783283529469]",서울특별시 서초구 서초동 1327-5 ,스타벅스 강남삼성타운점
"[37.49423300326066,127.01398336937534]",서울특별시 서초구 서초동 1693-3 ,스타벅스 교대역점
"[37.48442182965651,127.014134940466]",서울특별시 서초구 서초동 1457-1 ,스타벅스 남부터미널2호점
"[37.51017568139999,127.0068287143253]",서울특별시 서초구 잠원동 70-1 킴스클럽 1층,스타벅스 뉴코아강남점
"[37.5086217005655,127.0117016350371]",서울특별시 서초구 잠원동 58-24 ,스타벅스 반포역점
"[37.48972395737406,127.03094803728787]",서울특별시 서초구 서초동 1339-9 강남메트로빌딩 1층,스타벅스 뱅뱅점
"[37.504364080372014,127.00363707474531]",서울특별시 서초구 반포동 19-3 센트럴시티 1층,스타벅스 센트럴시티점
"[37.49513673459478,127.02734976309378]",서울특별시 서초구 서초동 1327-29 ,스타벅스 서초파라곤점
"[37.48744831795245,127.01509023759493]",서울특별시 서초구 서초동 1623-1 ,스타벅스 서울교대점
"[37.511542932670096,127.02057637631731]",서울특별시 서초구 잠원동 37-7 ,스타벅스 논현역점
"[37.48065847671533,127.01234141502624]",서울특별시 서초구 서초동 1464-22 호경빌딩 1층,스타벅스 서울아트센터점
"[37.48106443546146,127.01347804236147]",서울특별시 서초구 서초동 1451-95 1층,스타벅스 예술의전당점
"[37.496390186339845,127.01334432374806]",서울특별시 서초구 서초동 1699-3 1층,스타벅스 교대법원점
"[37.501636889732076,127.01149965612758]","서울특별시 서초구 반포동 52-6 1, 2층",스타벅스 서초중앙로점
"[37.48589751528396,127.02147664958923]",서울특별시 서초구 서초동 1439-14 현우빌딩 1층,스타벅스 서초동점
"[37.50258731771525,127.02393931652236]",서울특별시 서초구 서초동 1303-16 강남역 아이파크 1층,스타벅스 강남에비뉴점
"[37.50448978411863,127.00465331915794]",서울특별시 서초구 반포동,스타벅스센트럴시티점
"[37.51671313512788,127.04122114383667]",서울특별시 강남구 논현동 241-7 ,스타벅스 강남구청역점
"[37.50171100480467,127.03683255318195]",서울특별시 강남구 역삼1동 679 GS타워 지하 1층,스타벅스 GS타워점
"[37.529006260596425,126.99179186943222]",서울특별시 용산구 동빙고동 10-8 ,스타벅스 동빙고점
"[37.48798645731957,127.10183603534038]",서울특별시 강남구 수서동 713 수서현대벤처빌 지하 2층,스타벅스 수서점
"[37.49961791583418,127.0622605122476]",서울특별시 강남구 대치2동 988-17 ,스타벅스 대치점
"[37.49359669895922,127.0619852346632]",서울특별시 강남구 대치동 507 윈플러스상가 107호,스타벅스 대치역점
"[37.489883553169335,127.0550998585676]",서울특별시 강남구 도곡동 467 타워팰리스2 지하 1층,스타벅스 신세계도곡점
"[37.49666969509235,127.0552518504986]",서울특별시 강남구 대치동 1024 디마크빌딩 101호,스타벅스 한티역점
"[37.51353375558543,127.05931508768077]",서울특별시 강남구 삼성동 159 코엑스몰 B1 O103,스타벅스 코엑스몰점
"[37.49797286553926,127.06844461793777]",서울특별시 강남구 대치동 994-10 ,스타벅스 학여울역점
"[37.50996558627561,127.06385035306187]",서울특별시 강남구 삼성동 168-26 ,스타벅스 삼성역점
"[37.53502056031562,126.99759458487858]",서울특별시 용산구 한남동 737-61 ,스타벅스 이태원거리점
"[37.48852927887029,127.03250132912306]",서울특별시 강남구 도곡동 946-14 ,스타벅스 뱅뱅사거리점
"[37.51456465355504,127.03079660536184]",서울특별시 강남구 논현동 87 ,스타벅스 학동역점
"[37.4966060558768,127.02961512420457]",서울특별시 강남구 역삼동 826-26 ,스타벅스 강남비젼타워점
"[37.534022587786254,126.9893935308104]",서울특별시 용산구 이태원동 56-13 ,스타벅스 이태원입구점
"[37.503869782683076,127.04860126214963]",서울특별시 강남구 역삼동 708-6 ,스타벅스 선릉역점
"[37.499458767952355,127.03357043779712]",서울특별시 강남구 역삼동 735-3 포스코 P&S타워 1층,스타벅스 역삼포스코점
"[37.5068455193014,127.05562128984853]",서울특별시 강남구 삼성동 144-25 신스타워빌딩 1층,스타벅스 삼성점
"[37.50781188029645,127.062689624058]",서울특별시 강남구 대치동 946-18 ,스타벅스 삼성역사거리점
"[37.49219934397056,127.05736628217252]",서울특별시 강남구 대치동 651 ,스타벅스 도곡역점
"[37.509873870974616,127.05798107455522]",서울특별시 강남구 삼성동 154-10 지상 1층,스타벅스 삼성도심공항점
"[37.507859074058146,127.06523394760107]",서울특별시 강남구 대치동 1001-8 동남유화빌딩1층,스타벅스 삼성교점
"[37.50899269286022,127.04030192309338]","서울특별시 강남구 역삼동 681 금강빌딩 1, 2층",스타벅스 경복아파트점
"[37.50062585601232,127.03525183716276]",서울특별시 강남구 역삼동 646-15 ,스타벅스 역삼역점
"[37.50380088000319,127.05123739049905]",서울특별시 강남구 대치동 889-70 세화빌딩 1층,스타벅스 선릉점
"[37.50032278254668,127.02686404169629]",서울특별시 강남구 역삼동 816-7 ,스타벅스 강남역점
"[37.505774320952,127.05800996935]",서울특별시 강남구 대치동 942-5 삼성빌딩 1층,스타벅스 포스코점
"[37.51492136562723,127.03584835208565]",서울특별시 강남구 논현동 238-5 ,스타벅스 서울세관사거리점
"[37.494119743911405,127.03298333917333]",서울특별시 강남구 역삼동 830-71 ,스타벅스 역삼초교사거리점
"[37.502508197434295,127.04067898769169]",서울특별시 강남구 역삼동 677-25 큰길타워 1층,스타벅스 큰길타워점
"[37.50799779170125,127.03541711610411]",서울특별시 강남구 논현동 235-11 ,스타벅스 차병원사거리점
"[37.51346312750113,127.05273264246983]",서울특별시 강남구 삼성동 51 ,스타벅스 삼성현대힐점
"[37.51618385447034,127.02064015624157]",서울특별시 강남구 논현동 1-3 ,스타벅스 신사역점
"[37.503248794988004,127.02548017480952]",서울특별시 강남구 역삼동 809-10 1-2호 한석타워,스타벅스 강남대로점
"[37.5049178694333,127.04672176727759]",서울특별시 강남구 역삼동 697-45 대흥빌딩 1층,스타벅스 선릉로점
"[37.49220768719014,127.03938589639783]",서울특별시 강남구 역삼동 798-30 ,스타벅스 역삼럭키점
"[37.495898302277645,127.0389315045916]",서울특별시 강남구 역삼동 747-21 ,스타벅스 구역삼사거리점
"[37.499814441871266,127.03519442000852]",서울특별시 강남구 역삼동 736-1 한솔빌딩 2층,스타벅스 캐피탈타워점
"[37.534457205667294,126.90183499533016]",서울특별시 영등포구 당산동6가 304-1 ,스타벅스 당산역점
"[37.53003048692446,126.92109965274477]",서울특별시 영등포구 여의도동 13-19 남중빌딩 1층,스타벅스 여의도의사당점
"[37.52795921485635,126.92023570986306]",서울특별시 영등포구 여의도동 15-15 ,스타벅스 여의도일신점
"[37.53524259184763,126.90005838271875]",서울특별시 영등포구 당산동6가 338-1 1층,스타벅스 당산점
"[37.51954809662621,126.88963259657]",서울특별시 영등포구 문래동3가 77-1 대창타운빌 1층,스타벅스 문래동점
"[37.52954514226711,126.92024678951]",서울특별시 영등포구 여의도동 14-8 VIP빌딩 1층,스타벅스 서여의도점
"[37.527003577341596,126.87481460727531]",서울특별시 양천구 목동 916 ,스타벅스 현대목동점
"[37.53645516091818,126.87857623332049]",서울특별시 양천구 목동 907-4 ,스타벅스 목동점
"[37.547256323959466,126.87455550468272]",서울특별시 강서구 염창동 282-23 대신빌딩 1층,스타벅스 염창역점
"[37.509260002511176,126.88981895021207]",서울특별시 구로구 신도림동 692 ,스타벅스 현대디큐브B2점
"[37.541209080971036,126.94870718827977]",서울특별시 마포구 도화동 176-2 마포아크로타워 118호,스타벅스 마포아크로점
"[37.524985235998884,126.87009340622636]","서울특별시 양천구 목동 961 하이페리온2 상가 205동 102, 103, 201호",스타벅스 목동하이페리온점
"[37.5403767683965,126.94630866599395]",서울특별시 마포구 도화동 50-1 일진빌딩 1층,스타벅스 마포일진빌딩점
"[37.52353537678188,126.87678989490635]",서울특별시 양천구 목동 404-14 ,스타벅스 오목교역점
"[37.542649652278605,126.950610659481]",서울특별시 마포구 도화동 22 ,스타벅스 공덕오거리점
"[37.53640786889476,126.882141125513]",서울특별시 양천구 목동 908-34 부영그린타운3차 116호,스타벅스 목동5단지점
"[37.50945682133065,126.88966899459471]",서울특별시 구로구 신도림동 692 ,스타벅스 현대디큐브2F점
"[37.54265483246346,126.95322455599039]",서울특별시 마포구 신공덕동 69-2 이마트 2층,스타벅스 마포이마트점
"[37.52801757536835,126.87060203229441]",서울특별시 양천구 목동 923 세신비전프라자 1층 107호,스타벅스 목동7단지점
"[37.52916607301115,126.87481606407485]",서울특별시 양천구 목동 917 ,스타벅스 목동파라곤점
"[37.63806766470852,127.0261353047619]",서울특별시 강북구 번동 418-17 ,스타벅스 수유역점
"[37.62619523879718,127.0265168003819]",서울특별시 강북구 미아동 121-19 ,스타벅스 미아역점
"[37.639740702314754,127.02797169502034]",서울특별시 강북구 수유동 174-13 ,스타벅스 강북구청사거리점
"[37.61180463957875,127.03075927793245]",서울특별시 강북구 미아동 35-30 ,스타벅스 미아사거리역점
"[37.64834813160188,127.0348740182416]",서울특별시 도봉구 창동 659-5 ,스타벅스 쌍문역점
"[37.60169431917907,127.04059589984482]",서울특별시 성북구 하월곡동 46-73 1층,스타벅스 월곡역점
"[37.6082893535746,127.0284151337167]",서울특별시 성북구 길음동 20-1 현대백화점미아점 B1,스타벅스 현대미아점
"[37.55748838547581,126.86289116914027]",서울특별시 강서구 가양3동 449-19 가양이마트점 1층,스타벅스 가양이마트점
"[37.5292058850956,126.96487347286248]",서울특별시 용산구 한강로3가 40-999 ,스타벅스 용산역점
"[37.54421520089787,126.97186303573443]",서울특별시 용산구 갈월동 69-5 ,스타벅스 숙대입구역점
"[37.54470656231265,126.96725058987593]",서울특별시 용산구 청파동3가 111-35 ,스타벅스 숙대점
"[37.55821785690506,126.84429569560409]",서울특별시 강서구 등촌동 668-9 1층,스타벅스 등촌점
"[37.55473471832783,126.85115137378021]",서울특별시 강서구 화곡동 1095 ,스타벅스 강서아이파크점
"[37.532322111047,126.84612101466882]",서울특별시 강서구 화곡동 343-1 ,스타벅스 까치산역점
"[37.56010592176768,126.83928642884716]",서울특별시 강서구 등촌동 678-14 ,스타벅스 발산역점
"[37.54030818628445,126.84273910641738]",서울특별시 강서구 화곡동 105-123 ,실바몰
"[37.56100633277192,126.99544685704987]","서울특별시 중구 충무로4가 4-125 대한극장 1, 2층",스타벅스 대한극장점
"[37.560404140277456,126.98299316076344]",서울특별시 중구 회현동2가 88 스테이트타워 남산 지하1층 B107호,스타벅스 남산스테이트점
"[37.561379567482874,126.99377798866088]",서울특별시 중구 필동2가 10 충무빌딩 1층,스타벅스 충무로역점
"[37.5609004327798,126.983076963991]",서울특별시 중구 충무로1가 25-52 ,스타벅스 명동역점
"[37.536519710467346,126.98638398919995]",서울특별시 용산구 용산동2가 8 Garrison대사관클럽건물 8105호,스타벅스 용산미8군점
"[37.54176754378135,126.98787452385143]",서울특별시 용산구 용산동2가 8 ,스타벅스 용산타운하우스점
"[37.53397686314043,126.98931494559389]",서울특별시 용산구 이태원동 56-13 스타벅스빌딩 4층,투어디자인
"[37.583871879493685,127.02958173462753]",서울특별시 성북구 안암동5가 104-30 ,스타벅스 고대점
"[37.58615201829031,127.03074100058244]",서울특별시 성북구 안암동5가 92 ,스타벅스 안암역점
"[37.58912663532435,127.00489736071918]",서울특별시 성북구 성북동1가 35-1 ,스타벅스 한성대입구역점
"[37.59320442399855,127.01842004843017]",서울특별시 성북구 동선동1가 92-1 ,스타벅스 성신여대점
"[37.58866024677694,127.00729270131896]","서울특별시 성북구 동소문동2가 11 외 1필지 중 가호 1, 2층",스타벅스 삼선교점
"[37.58737013310442,127.02656976657671]",서울특별시 성북구 안암동 126-1 고대병원 3층,스타벅스 고대안암병원점
"[37.49439770147291,127.12164001995569]",서울특별시 송파구 가락동 79 ,스타벅스 가락시장역점
"[37.49492590805473,127.1187613930091]",서울특별시 송파구 가락동 97-7 ,스타벅스 가락본동점
"[37.491538346372614,127.11640383221781]",서울특별시 송파구 문정동 150-26 훼미리 샤르망 1층,스타벅스 올림픽훼미리점
"[37.51519899463242,127.06023306792663]",서울특별시 강남구 삼성동 91-31 ,스타벅스 코엑스사거리점
"[37.508750646654406,127.05836844849563]",서울특별시 강남구 삼성동 158-10 ,JHB글로벌
"[37.59100869125027,127.05632525855617]",서울특별시 동대문구 회기동 346-18 ,스타벅스 회기역사거리점
"[37.59292652978496,127.05277940665239]",서울특별시 동대문구 회기동 16-41 ,스타벅스 경희대점
"[37.5134718649523,127.05269859734123]",서울특별시 강남구 삼성동 51,스타벅스 개방화장실
"[37.517414259615265,127.02341817297594]",서울특별시 강남구 논현동 5 2층,스타벅스 도산가로수길점
"[37.50182825364462,127.0390590766327]",서울특별시 강남구 역삼동 678-39 한국고등교육재단빌딩1층,스타벅스역삼대로점
"[37.511575888378516,127.03222653936903]",서울특별시 강남구 논현동 216-5 ,스타벅스 논현힐탑점
"[37.502590124167185,127.04411615324007]",서울특별시 강남구 역삼동 706-1 데이콤빌딩 1층,스타벅스 르네상스사거리점
"[37.5032354268346,127.04368945563317]",서울특별시 강남구 역삼동 701-7 ,스타벅스 기술센터점
"[37.51019022403158,127.04464134914107]",서울특별시 강남구 삼성동 112-2 ,스타벅스 선정릉역점
"[37.50261916587369,127.04436460121968]",서울특별시 강남구 역삼동,스타벅스토마토빌딩점
"[37.65478646175248,127.0600405446156]",서울특별시 노원구 상계동 712 남성빌딩 1층,스타벅스 노원역점
"[37.65473520539278,127.06379240495225]",서울특별시 노원구 상계동 723 ,스타벅스 노원KT점
"[37.648118357891924,127.06224366644473]",서울특별시 노원구 상계동 763-3 ,스타벅스 중계역점
"[37.50463288639566,127.02287214656889]",서울특별시 서초구 반포동 747-5 ,아는꽃집
"[37.516256024192415,127.02065052503379]",서울특별시 강남구 논현동 1-3 렉스타워(스타벅스 건물) B1,엔젤미의원
"[36.10786436859825,128.4185206048062]",경상북도 구미시 황상동 305-49 노블레스타워 1층,스타벅스 구미인동점
"[36.10172766628677,128.38598048901696]",경상북도 구미시 공단동 260-10 ,스타벅스 구미공단점
"[36.10692855205292,128.42065925895395]","경상북도 구미시 황상동 633-16 1, 2층",스타벅스 구미인의점
"[36.128132850558266,128.33276026698908]",경상북도 구미시 원평동 1008-48 ,스타벅스 구미점
"[36.12224463756885,128.3239148550831]",경상북도 구미시 남통동 414-4 ,스타벅스 구미금오산DT점
"[36.11762600331728,128.34159151893724]",경상북도 구미시 송정동 33-11 ,스타벅스 구미시청DT점
"[36.10804431261934,128.41861041521938]",경상북도 구미시 황상동 305-26 스타벅스 건물 1층,더맛삼겹살마스터
"[36.01821222124216,129.34197789066513]",경상북도 포항시 남구 대잠동 1005-1 ,스타벅스 포항시청점
"[36.017609566370304,129.3602718078745]",경상북도 포항시 남구 대도동 135-150 ,스타벅스 포항대도동점
"[36.02535975228288,129.33949189118366]",경상북도 포항시 남구 대잠동 458-5 ,스타벅스 포항대이점
"[36.01275437232144,129.3488848827798]",경상북도 포항시 남구 상도동 582 1층,스타벅스 포항애비뉴점
"[35.991102870645854,129.39879670556522]",경상북도 포항시 남구 인덕동 161-176 이마트 내 1층,스타벅스 포항이마트점
"[35.85327874948273,129.26867344150563]",경상북도 경주시 북군동 57-40 1~3층,스타벅스 경주보문호수DT점
"[35.83883822797179,129.28584323317708]",경상북도 경주시 천군동 1584-33 ,스타벅스 경주보문로DT점
"[36.05499297381632,129.37680813859362]",경상북도 포항시 북구 항구동 17-97 ,스타벅스 포항북부비치점
"[35.84606075044811,129.28215189213952]",경상북도 경주시 신평동 400-1 대명리조트,스타벅스 경주대명리조트점
"[36.08154814950321,129.398154526205]",경상북도 포항시 북구 양덕동 1487 ,스타벅스 포항양덕점
"[36.038699684945094,129.36411871753012]",경상북도 포항시 북구 신흥동 696-1 ,스타벅스 포항중앙점
"[36.01817630288641,129.34196618814082]",경상북도 포항시 남구 대잠동 1005-1 스타벅스빌딩 5층,내눈에김안과의원
"[36.03662262074998,129.36290671031546]",경상북도 포항시 북구 대흥동,스타벅스포항시네마점
"[36.41116969942634,129.37087036737066]",경상북도 영덕군 영덕읍 덕곡리,스타벅스PC방
"[35.83700391031918,128.75303722421378]",경상북도 경산시 대동 168-3 ,스타벅스 영남대점
"[35.83309760713978,128.75791465165238]",경상북도 경산시 조영동 321 영남대학교 중앙도서관 1층,스타벅스 영남대중앙도서관점
"[35.831073206423206,128.75304759592544]",경상북도 경산시 대동 214-1 ,스타벅스 영남대아트센터점
"[35.83766515877155,128.75681798988123]",경상북도 경산시 조영동,스타벅스영남대중앙도서관점
"[35.838959969718836,128.7658405669989]",경상북도 경산시 압량면 신대리,STARBUCKS
"[35.907712308215665,128.81236824636338]",경상북도 경산시 하양읍 금락리 229-13 ,스타벅스 대구가톨릭대점
"[35.83404927488365,129.21513042464494]",경상북도 경주시 황남동 140-2 ,스타벅스 경주대릉원점
"[35.86388512881414,129.21297269215788]",경상북도 경주시 황성동 450-13 ,스타벅스 경주황성점
"[35.842088303329675,129.2124857586802]",경상북도 경주시 노동동 84-2 ,스타벅스 경주중앙점
"[36.566393370274334,128.73112008702475]","경상북도 안동시 삼산동 51-4 1, 2, 3층",스타벅스 안동시청점
"[36.56350354656213,128.70212472362414]",경상북도 안동시 옥동 787-10 ,스타벅스 안동옥동점
"[34.813142707660006,126.46175770825619]",전라남도 무안군 삼향읍 남악리 2128 ,스타벅스 목포남악점
"[34.80741052550262,126.42725421892504]",전라남도 목포시 옥암동 968-2 ,스타벅스 목포옥암점
"[34.79699069328072,126.43494802063005]",전라남도 목포시 상동 1159-10 ,스타벅스 목포평화광장점
"[34.759676566094235,127.6672037433957]",전라남도 여수시 학동 84-5 ,스타벅스 여수여천점
"[34.75285753809672,127.70418189955512]",전라남도 여수시 여서동 213-6 1~2층,스타벅스 여수여서점
"[34.75964958128387,127.66722569843309]",전라남도 여수시 학동 84-5 스타벅스 4층,화이트치과의원
"[34.75978444557366,127.66709407654253]",전라남도 여수시 학동 84-5 2층 스타벅스 2층,박지민스타일에비뉴
"[34.97199955783118,127.5209447509158]",전라남도 순천시 조례동 1731-1 ,스타벅스 순천조례점
