"고유번호","기준연도","행정동코드","행정동명","2007년사용량","2008년사용량","X 좌표","Y 좌표"
"OBJECTID","BASE_YEAR","ADM_DR_CD","ADM_DR_NM","SUM_07","SUM_08","X","Y"
"55","2008","1104066","성수1가2동","7.726222","8.65027","203702.617","449912.407"
"12","2008","1101068","창신2동","4.283316","4.548497","200920.962","452936.545"
"18","2008","1102054","회현동","14.44101","15.065532","197965.536","450859.005"
"46","2008","1105066","자양3동","12.367342","14.242936","206296.331","448042.291"
"50","2008","1104056","행당1동","8.023929","8.582296","203101.577","451136.531"
"57","2008","1104068","성수2가3동","15.705425","15.271613","205174.84","449557.35"
"58","2008","1104069","송정동","5.438986","4.931568","205562.916","450474.779"
"64","2008","1105055","중곡1동","6.333166","6.564086","206869.179","451378.271"
"66","2008","1105057","중곡3동","8.408295","8.61405","207191.668","452012.858"
"74","2008","1105067","자양4동","2.096478","1.880025","205621.339","448266.35"
"172","2008","1111061","중계1동","7.005459","6.665477","205970.364","460556.833"
"7","2008","1101061","종로1.2.3.4가동","24.107868","26.96501","199052.485","453135.715"
"8","2008","1101063","종로5.6가동","6.766764","6.460838","200364.167","452627.462"
"32","2008","1103053","남영동","5.083092","5.550681","197709.584","449443.419"
"33","2008","1103057","원효로2동","7.967495","7.848416","195812.758","448122.786"
"17","2008","1102052","소공동","22.867648","25.273296","197763.058","451662.285"
"24","2008","1102062","신당2동","7.449177","7.517467","200776.666","450594.952"
"14","2008","1101070","숭인1동","2.967728","3.208023","201494.367","453114.366"
"70","2008","1105062","구의3동","15.495466","16.323043","208497.268","448474.65"
"43","2008","1104065","성수1가1동","6.599891","6.358717","203549.769","448964.249"
"41","2008","1103063","이촌1동","2.005376","2.397031","197366.442","446451.673"
"95","2008","1109074","우이동","3.496089","3.51827","199911.48","462476.583"
"98","2008","1110064","도봉1동","25.192355","23.807269","202383.787","465070.19"
"99","2008","1111056","공릉2동","20.386799","20.266877","208108.129","459093.502"
"104","2008","1112071","진관동","1.237687","0.810669","194592.477","460258.118"
"60","2008","1104071","왕십리도선동","10.070112","9.412562","202645.626","451886.773"
"19","2008","1102055","명동","26.390219","28.041599","198516.339","451350.842"
"27","2008","1102065","신당5동","3.968509","4.035609","201890.623","451514.806"
"6","2008","1101060","가회동","4.820564","4.875127","198791.572","453826.625"
"52","2008","1104058","응봉동","5.761872","6.162945","203056.58","450117.053"
"71","2008","1105063","광장동","25.891209","26.808803","209150.645","449781.821"
"78","2008","1106056","전농1동","4.873634","4.587051","204414.826","452922.966"
"1","2008","1101053","사직동","14.500092","16.490023","197293.033","452699.473"
"2","2008","1101054","삼청동","4.789109","14.29201","198369.776","454054.578"
"3","2008","1101055","부암동","6.25615","6.02026","196849.134","455100.694"
"4","2008","1101056","평창동","10.48842","10.437216","197224.792","457121.3"
"5","2008","1101058","교남동","5.611822","5.865026","196848.626","452416.049"
"80","2008","1106060","답십리1동","3.849421","3.964776","204828.138","452466.809"
"42","2008","1104054","마장동","9.812036","10.216814","203559.413","451994.594"
"9","2008","1101064","이화동","14.440373","17.603897","200233.776","453397.594"
"10","2008","1101065","혜화동","8.556115","8.683239","200079.063","454140.821"
"11","2008","1101066","명륜3가동","4.017231","4.425716","199400.88","454190.783"
"13","2008","1101069","창신3동","2.39388","2.455751","201147.803","453250.932"
"15","2008","1101071","숭인2동","4.25951","4.58521","201725.045","452820.264"
"39","2008","1102060","을지로동","4.505269","4.813766","199738.823","451857.952"
"20","2008","1102057","필동","7.348234","7.488084","199498.8","450796.721"
"21","2008","1102058","장충동","7.938676","9.007024","200099.385","450665.149"
"22","2008","1102059","광희동","12.777933","13.212645","200258.612","451784.911"
"25","2008","1102063","신당3동","7.016804","7.807624","200935.886","450017.49"
"26","2008","1102064","신당4동","5.364909","6.312978","201349.851","450789.422"
"29","2008","1102068","중림동","7.059293","7.405894","197036.485","450804.484"
"30","2008","1103051","후암동","8.03549","8.34009","198282.784","450085.131"
"81","2008","1106063","답십리4동","5.478185","5.441034","205501.535","452254.482"
"82","2008","1103065","이태원1동","9.603152","10.167973","199374.626","448224.979"
"83","2008","1103066","이태원2동","6.819631","7.264627","199322.876","449128.968"
"31","2008","1103052","용산2가동","7.61027","8.024983","198528.949","449006.274"
"23","2008","1102061","신당1동","8.844534","8.884614","201213.632","451748.381"
"28","2008","1102067","황학동","3.463803","4.239846","201818.502","452113.552"
"36","2008","1103064","이촌2동","1.623008","1.594523","195939.541","447108.479"
"40","2008","1102066","신당6동","4.617477","4.816151","201642.44","451253.769"
"45","2008","1105060","구의1동","8.71905","9.105585","207597.569","449054.352"
"63","2008","1105054","군자동","9.744398","10.026433","206495.914","450430.124"
"77","2008","1106055","제기2동","14.916032","15.411929","203007.529","453830.574"
"84","2008","1103069","서빙고동","4.293939","4.431489","199245.211","446844.905"
"92","2008","1108068","길음2동","5.940407","6.017298","202403.739","456483.261"
"16","2008","1101072","청운효자동","8.805238","9.362327","197265.998","453911.479"
"34","2008","1103058","효창동","4.431236","4.342384","196527.932","449353.663"
"35","2008","1103059","용문동","4.521447","4.460059","196326.996","448735.953"
"37","2008","1101057","무악동","2.312914","3.078202","196314.58","453087.528"
"38","2008","1101067","창신1동","3.93292","3.94086","201255.885","452639.421"
"68","2008","1105059","능동","4.72994","4.932396","207245.626","450183.437"
"69","2008","1105061","구의2동","10.177194","10.318083","208365.589","450264.722"
"72","2008","1105064","자양1동","10.122716","10.029272","207092.778","448584.67"
"73","2008","1105065","자양2동","12.0131","12.635588","207286.652","447920.713"
"75","2008","1106051","신설동","4.937888","5.313301","202590.419","452774.245"
"85","2008","1103070","보광동","7.711679","8.005312","200125.151","447312.991"
"86","2008","1103071","청파동","12.426371","12.263737","197048.524","449875.04"
"87","2008","1103072","원효로1동","4.682996","5.152876","196945.714","448682.847"
"89","2008","1103074","한남동","20.508105","20.926743","200686.888","448664.695"
"44","2008","1105053","화양동","16.403731","17.179769","206466.719","449336.664"
"47","2008","1106061","답십리2동","5.180656","5.273614","205283.699","452469.857"
"48","2008","1106074","이문1동","4.766134","4.935106","205772.577","455328.232"
"49","2008","1104055","사근동","11.684069","12.154415","204007.697","451051.69"
"76","2008","1106054","제기1동","4.006395","4.342945","203551.973","453910.325"
"79","2008","1106058","전농3동","8.41548","8.474466","205402.277","453471.898"
"115","2008","1107061","중화1동","7.093999","7.30114","207346.665","457030.618"
"51","2008","1104057","행당2동","9.082695","8.550295","202594.296","450795.544"
"53","2008","1104059","금호1가동","7.475264","7.081417","202164.88","450388.678"
"54","2008","1104062","금호4가동","5.753341","6.400774","202013.71","449339.827"
"56","2008","1104067","성수2가1동","8.083413","8.523298","204945.831","448533.352"
"59","2008","1104070","용답동","8.243582","8.789127","205120.555","451313.517"
"61","2008","1104072","금호2.3가동","9.725159","9.668375","201736.7","450354.43"
"62","2008","1104073","옥수동","12.956842","13.167077","201505.544","449225.106"
"65","2008","1105056","중곡2동","8.324959","8.593295","207430.635","451029.495"
"67","2008","1105058","중곡4동","10.962726","11.464177","208405.463","451497.135"
"88","2008","1103073","한강로동","21.549536","23.12818","197272.343","447833.97"
"179","2008","1111074","상계10동","2.848801","12.732358","206447.99","458214.067"
"219","2008","1113074","북아현동","7.694643","7.517475","194560.329","451826.889"
"122","2008","1107072","면목3.8동","11.225605","11.627937","205708.233","451957.535"
"125","2008","1106067","장안3동","7.630208","7.865276","206348.892","453061.67"
"100","2008","1111059","하계2동","5.392756","5.284226","205702.18","459507.834"
"161","2008","1110059","창1동","8.664822","7.946937","203288.22","460240.747"
"101","2008","1111062","중계2동","2.446277","2.531357","205610.559","460251.172"
"124","2008","1106066","장안2동","7.146216","7.920138","206324.192","451843.681"
"126","2008","1106068","장안4동","5.779125","6.04481","204592.91","454988.79"
"123","2008","1106065","장안1동","8.801671","9.00819","206513.36","452734.151"
"133","2008","1107062","중화2동","11.459584","11.860424","209325.088","455897.11"
"145","2008","1109060","번1동","9.436905","9.328409","203042.951","458676.483"
"150","2008","1108071","월곡1동","9.138162","9.139395","203943.82","455959.189"
"168","2008","1111053","월계3동","5.925341","5.89841","205047.708","459107.823"
"182","2008","1111077","상계6.7동","96.543881","93.720453","194306.655","456073.987"
"193","2008","1114063","신수동","8.932951","8.994583","195297.15","448546.697"
"196","2008","1115060","신월4동","6.41349801","5.44934812","187374.591","447339.867"
"116","2008","1107064","묵1동","9.57266","10.449877","206629.474","456812.266"
"118","2008","1107068","망우3동","6.764368","7.00225","209132.178","456734.683"
"143","2008","1108083","동선동","8.15488","8.467429","205401.446","456510.77"
"147","2008","1109062","번3동","5.492721","6.623194","200775.049","458882.739"
"154","2008","1108078","장위3동","6.583537","6.512147","199770.42","455087.15"
"163","2008","1110062","창4동","6.561381","6.51528","203735.608","461888.586"
"174","2008","1111064","중계4동","7.017869","7.173282","205929.247","464874.245"
"186","2008","1109065","수유3동","13.074761","13.044155","201180.352","458309.7"
"199","2008","1116065","가양2동","1.470269","1.227379","181863.605","450811.236"
"246","2008","1115064","신정1동","4.2301177","4.28570167","185985.72","445764.92"
"298","2008","1122067","양재2동","21.305352","21.23501","204112.925","439411.965"
"90","2008","1104052","왕십리2동","6.258726","6.418607","202471.852","451322.644"
"201","2008","1116069","공항동","14.179067","13.978077","187430.437","443664.166"
"91","2008","1108058","돈암1동","6.065335","6.095444","202156.705","455527.341"
"93","2008","1108084","종암동","14.042676","14.626263","202906.997","455342.351"
"94","2008","1109073","삼각산동","8.204069","7.801129","201359.836","457411.095"
"96","2008","1110053","쌍문3동","7.40906","7.372838","202714.158","460833.454"
"97","2008","1110061","창3동","5.754514","5.860524","203655.337","459791.527"
"103","2008","1112056","갈현2동","10.931592","10.65957","192287.764","457643.208"
"105","2008","1106078","전농2동","7.814406","8.304528","204429.753","453469.978"
"106","2008","1113065","홍제2동","6.016761","5.886744","204457.593","452323.377"
"107","2008","1106079","답십리3동","6.810511","6.990505","204059.409","454321.454"
"117","2008","1107065","묵2동","7.047562","7.190789","209080.191","454672.674"
"119","2008","1107069","신내1동","10.403058","10.860761","208006.966","456607.803"
"120","2008","1107070","신내2동","3.49357","3.608622","207877.52","454377.59"
"121","2008","1107071","면목본동","13.001393","13.503949","208548.521","453913.757"
"173","2008","1111063","중계3동","5.93164","3.252548","207426.716","462108.323"
"141","2008","1108065","정능4동","9.038936","9.400604","201022.978","454095.323"
"144","2008","1108085","석관동","15.874675","15.895232","202723.353","459864.416"
"146","2008","1109061","번2동","11.962431","12.488711","203828.347","458208.728"
"148","2008","1109063","수유1동","12.015808","12.079453","201784.075","456498.812"
"149","2008","1108066","길음1동","12.03556","11.538624","203273.7","456447.479"
"102","2008","1111072","상계8동","1.16327","1.170693","204745.041","462951.716"
"111","2008","1107055","면목5동","5.9554","6.302378","208052.655","452957.424"
"142","2008","1108082","삼선동","9.68193","10.947548","201625.068","454899.215"
"185","2008","1109064","수유2동","9.595534","9.571139","202108.228","460160.741"
"156","2008","1110052","쌍문2동","8.779861","8.670798","202650.172","461752.57"
"162","2008","1110060","창2동","12.279985","11.958713","204440.751","461310.016"
"113","2008","1107059","상봉1동","7.06282","6.912586","207223.526","455000.326"
"114","2008","1107060","상봉2동","8.541036","8.940433","207322.566","455898.294"
"135","2008","1108059","돈암2동","9.566701","8.88767","202437.585","454146.64"
"136","2008","1108060","안암동","8.224368","8.587646","201729.65","453726.063"
"137","2008","1108061","보문동","6.289124","6.615371","201543.902","456276.896"
"129","2008","1106073","휘경2동","9.387774","9.973974","205079.221","455314.543"
"130","2008","1106075","이문2동","7.70267","8.419489","205895.297","455870.557"
"131","2008","1106076","이문3동","6.845754","7.928402","203087.818","453098.412"
"138","2008","1108062","정능1동","7.000014","7.076347","200659.801","456062.579"
"139","2008","1108063","정능2동","7.790086","8.282511","199497.887","457244.246"
"140","2008","1108064","정능3동","6.236813","6.686785","199575.006","458068.783"
"151","2008","1108072","월곡2동","10.845229","11.562673","203925.159","457334.175"
"127","2008","1106071","회기동","5.581059","5.721492","205461.004","454651.39"
"128","2008","1106072","휘경1동","6.617776","6.956426","205827.366","454132.96"
"108","2008","1106080","청량리동","15.798764","16.572752","206955.942","454401.441"
"109","2008","1107052","면목2동","9.901234","10.392242","207690.766","452662.605"
"110","2008","1107054","면목4동","7.563669","7.917804","206969.654","453630.684"
"112","2008","1107057","면목7동","8.64242","8.980366","207777.058","455878.723"
"153","2008","1108077","장위2동","8.49105","8.552995","204752.438","457644.275"
"155","2008","1108081","성북동","10.13103","10.92068","203317.437","461871.181"
"157","2008","1110054","쌍문4동","7.205502","6.847871","203805.755","462834.562"
"183","2008","1112051","녹번동","15.099363","15.073186","194462.775","457616.275"
"184","2008","1112052","불광1동","15.397206","14.088812","201721.415","460599.242"
"187","2008","1109069","삼양동","10.225572","10.226054","202350.67","458817.604"
"158","2008","1110055","방학1동","14.78007","14.73311","202763.175","463217.382"
"159","2008","1110056","방학2동","8.778019","8.670965","202221.223","462552.518"
"160","2008","1110057","방학3동","10.805574","10.694533","203739.614","460646.104"
"164","2008","1110063","창5동","10.349074","11.183799","204221.365","464652.49"
"165","2008","1110065","도봉2동","8.465216","8.341089","205522.867","457685.181"
"177","2008","1111069","상계5동","8.281694","8.003769","205575.407","463107.98"
"178","2008","1111073","상계9동","1.171394","1.154264","205169.885","462246.761"
"180","2008","1111075","공릉1.3동","13.261252","13.319556","207149.887","464065.786"
"166","2008","1111051","월계1동","6.849486","6.770079","204350.545","459387.982"
"167","2008","1111052","월계2동","5.98559","6.672314","205808.316","458176.581"
"170","2008","1111058","하계1동","14.821868","11.70623","207552.187","460939.842"
"171","2008","1111060","중계본동","11.092567","10.941641","206477.415","461133.995"
"175","2008","1111065","상계1동","11.069763","10.579276","205842.731","461823.393"
"176","2008","1111066","상계2동","10.413325","10.370995","206183.253","462635.878"
"132","2008","1106077","용두동","9.84265","10.397265","206613.696","455486.643"
"134","2008","1107073","망우본동","13.187279","14.00051","201122.781","455247.286"
"188","2008","1109070","미아동","9.703888","9.548328","202948.326","457536.803"
"189","2008","1109071","송중동","14.475774","14.413534","202146.843","457626.365"
"190","2008","1109072","송천동","12.824261","12.482141","200360.032","459881.1"
"152","2008","1108076","장위1동","10.012393","9.825292","204683.096","457008.478"
"215","2008","1113070","남가좌2동","12.145326","11.622503","191911.704","452899.085"
"202","2008","1117051","신도림동","13.47412798","13.10592552","191598.74","441103.512"
"211","2008","1113064","홍제3동","8.259428","8.233511","195398.192","455563.044"
"265","2008","1114068","합정동","9.340345","9.183293","191918.028","449745.153"
"227","2008","1112066","신사2동","8.032983","7.932096","191676.32","453692.664"
"239","2008","1115054","목4동","9.431011","9.229066","186409.17","447006.144"
"251","2008","1115072","신정4동","14.41227815","13.55039126","187614.866","450736.139"
"284","2008","1117055","구로4동","10.54016391","9.84684723","191586.495","440367.716"
"268","2008","1114072","성산1동","8.913557","8.773233","193150.714","451443.282"
"324","2008","1118058","시흥2동","9.51160747","9.91749493","191747.068","437916.657"
"216","2008","1113071","북가좌1동","7.856951","7.053824","192397.613","453509.328"
"217","2008","1113072","북가좌2동","11.60581","11.319016","196414.789","451692.05"
"220","2008","1113075","신촌동","25.756411","26.462467","192439.788","458358.132"
"191","2008","1109075","인수동","15.808078","15.585128","201820.377","461631.906"
"273","2008","1116072","방화3동","3.209858","3.01689","183694.055","453727.512"
"194","2008","1114069","망원1동","8.740988","8.630921","188338.883","448377.805"
"198","2008","1116052","등촌1동","8.949182","9.284649","187131.803","452100.195"
"254","2008","1116054","등촌3동","6.978316","6.651648","186585.394","449237.025"
"266","2008","1114070","망원2동","7.294529","7.197316","191227.788","450300.486"
"233","2008","1114075","도화동","11.016993","10.806451","196227.368","450023.397"
"230","2008","1114059","용강동","9.369752","9.190259","191519.126","452020.591"
"292","2008","1120066","사당4동","5.030534","5.0053","190112.471","442613.672"
"205","2008","1119054","여의도동","29.046991","29.750465","192769.324","454495.433"
"256","2008","1116057","화곡2동","7.148774","7.006519","187460.937","448498.948"
"252","2008","1116051","염창동","14.921974","14.546408","187577.122","449484.762"
"285","2008","1117056","구로5동","16.90170483","17.44797227","191603.154","441829.099"
"236","2008","1114078","아현동","12.300248","11.444321","189007.902","449253.278"
"300","2008","1123060","대치1동","5.699241","5.61619","205236.16","443760.327"
"294","2008","1121065","신원동","7.645862","7.518415","193520.82","442191.517"
"398","2008","1124066","가락1동","2.100795","2.234568","211854.555","444925.338"
"192","2008","1110051","쌍문1동","18.313132","22.184175","195334.295","450070.523"
"195","2008","1115051","목1동","7.905763","7.698221","187616.057","446525.161"
"197","2008","1115065","신정2동","3.84551575","3.62389042","187167.227","448143.207"
"200","2008","1116066","가양3동","1.274165","1.241941","189671.443","445640.98"
"228","2008","1112067","증산동","7.958846","7.906773","190574.541","454118.617"
"218","2008","1113073","충현동","19.097393","19.658463","196032.828","451088.458"
"237","2008","1115052","목2동","9.506776","9.365486","188197.848","449543.118"
"241","2008","1115058","신월2동","8.04425492","7.98389923","185828.414","446937.461"
"262","2008","1114060","대흥동","9.916253","10.215481","194719.186","450165.079"
"181","2008","1111076","상계3.4동","13.266105","13.022857","205418.931","460787.798"
"213","2008","1113068","홍은2동","13.483422","13.197544","192567.757","452446.02"
"214","2008","1113069","남가좌1동","6.219464","5.659947","193035.399","453214.575"
"257","2008","1116058","화곡3동","8.372946","5.584816","186848.882","450242.617"
"258","2008","1116059","화곡4동","8.287896","8.200198","186565.064","448258.789"
"259","2008","1116061","화곡6동","12.090911","11.816205","185445.615","452670.991"
"260","2008","1116063","화곡8동","9.8837443","10.32611681","187828.332","451478.498"
"261","2008","1113076","연희동","21.022185","20.89502","193977.015","452512.949"
"263","2008","1114061","염리동","7.48644","7.192821","194089.007","449470.293"
"264","2008","1114066","서교동","24.182169","24.62993","193183.412","450614.914"
"232","2008","1114074","상암동","4.986617","5.660186","193295.628","449646.73"
"234","2008","1114076","서강동","11.475047","12.392638","195842.6","450098.811"
"221","2008","1112055","갈현1동","10.41229","10.251796","191977.033","456949.852"
"222","2008","1112057","구산동","12.434063","12.440893","193320.099","457043.672"
"223","2008","1112058","대조동","13.281166","13.205713","193567.763","455290.349"
"224","2008","1112059","응암1동","14.271608","14.35097","193186.676","454680.474"
"225","2008","1112060","응암2동","9.814796","8.735943","191899.431","455391.762"
"226","2008","1112065","신사1동","9.944791","9.740012","191764.849","454873.274"
"229","2008","1112068","수색동","7.07437","6.862467","194906.371","448998.075"
"231","2008","1114073","성산2동","11.860343","11.964175","189425.035","452579.793"
"283","2008","1118054","독산3동","12.55522754","11.6958775","190457.656","440673.949"
"297","2008","1122062","방배1동","8.348067","8.079974","199637.863","442845.689"
"203","2008","1117064","개봉2동","12.4351708","12.60534911","190010.774","447358.114"
"204","2008","1118053","독산2동","8.78288154","8.89925483","193843.669","458298.301"
"206","2008","1112072","불광2동","13.039375","12.776093","192257.079","456168.681"
"207","2008","1112073","응암3동","10.55493","10.453034","196317.423","452491.346"
"208","2008","1112074","역촌동","18.227865","17.606986","195137.384","453376.84"
"209","2008","1113052","천연동","7.549037","7.924377","195598.688","454714.436"
"278","2008","1117070","가리봉동","6.13835528","5.72373057","190250.108","443543.764"
"279","2008","1117071","구로2동","18.99477537","18.5000713","190052.731","444773.937"
"280","2008","1117072","개봉1동","14.31578506","14.03786219","189244.268","444144.064"
"281","2008","1118051","가산동","25.40884596","24.92219561","186823.825","444589.251"
"210","2008","1113062","홍제1동","10.82461","10.507993","195835.051","453837.842"
"212","2008","1113066","홍은1동","11.414315","10.875257","194007.799","454145.077"
"242","2008","1115059","신월3동","6.569623","6.425502","184974.596","449093.566"
"243","2008","1115061","신월5동","5.812699","5.684396","186010.578","446353.6"
"244","2008","1115062","신월6동","5.12924906","5.11530452","185086.826","446396.563"
"245","2008","1115063","신월7동","11.84806596","12.29299224","188946.46","446588.352"
"248","2008","1115069","신정6동","1.117913","1.015512","188040.116","445718.298"
"247","2008","1115066","신정3동","20.5131191","23.91576678","188545.016","446315.567"
"249","2008","1115070","신정7동","2.46030504","2.38451937","189343.097","448644.211"
"289","2008","1117067","오류1동","8.04673433","7.1961931","186068.718","444175.664"
"250","2008","1115071","목5동","5.195321","5.409374","189079.721","450476.403"
"255","2008","1116055","화곡본동","14.236642","13.931689","185428.533","449392.838"
"276","2008","1117052","구로1동","9.06794896","8.86471459","188896.267","443737.33"
"277","2008","1117054","구로3동","15.86636512","16.97500919","190695.281","442874.969"
"282","2008","1118052","독산1동","16.72005409","16.82234665","189834.834","441806.83"
"286","2008","1117061","고척1동","11.79801524","11.39999963","187923.372","444559.681"
"287","2008","1117062","고척2동","9.14783654","9.27864414","187142.57","445073.03"
"288","2008","1117065","개봉3동","8.33838549","7.26432801","187077.766","443005.636"
"235","2008","1114077","공덕동","16.121985","16.171998","189063.006","447513.022"
"238","2008","1115053","목3동","7.17981","7.122953","185371.643","447974.716"
"240","2008","1115057","신월1동","9.088424","8.899635","184818.062","448137.54"
"269","2008","1116064","가양1동","15.196486","6.164665","192119.502","451429.174"
"320","2008","1120054","상도2동","10.780839","11.797069","194251.717","444227.442"
"321","2008","1120055","상도3동","9.964331","9.850373","194705.213","444247.615"
"323","2008","1118057","시흥1동","13.50254902","12.00132781","192968.314","439034.702"
"325","2008","1118059","시흥3동","5.15320343","4.97679166","191967.17","440019.112"
"326","2008","1118060","시흥4동","9.66928483","9.75467319","192215.181","438847.03"
"293","2008","1121054","청림동","9.135405","9.19833","195695.918","442742.949"
"295","2008","1121081","난곡동","11.28092","11.003274","192971.616","441212.867"
"296","2008","1122054","서초4동","9.206964","9.260281","201770.899","444405.416"
"299","2008","1123051","신사동","9.726021","9.727387","201783.985","447372.759"
"355","2008","1122055","잠원동","8.668007","8.549712","198881.227","445209.663"
"306","2008","1124058","방이2동","14.959138","15.03456","191569.02","445270.601"
"313","2008","1119071","대림2동","8.011355","8.187848","191028.681","444520.256"
"384","2008","1123074","일원2동","0.962463","1.055612","208979.314","442894.292"
"373","2008","1123061","대치2동","1.874982","1.79937","205845.671","444693.458"
"302","2008","1123073","일원1동","52.622083","32.57433","208026.839","443739.302"
"304","2008","1119062","양평2동","13.491754","13.008256","190692.367","448915.681"
"314","2008","1119072","대림3동","11.987524","11.581343","191898.2","445995.248"
"359","2008","1120063","사당1동","10.115252","10.040615","200141.252","444469.283"
"330","2008","1119061","양평1동","6.958469","7.209158","190430.571","446242.902"
"414","2008","1123052","논현1동","21.370754","21.215357","203181.696","446188.395"
"408","2008","1122061","방배본동","8.177839","8.184025","199063.499","441429.134"
"338","2008","1121062","인헌동","10.704892","10.663622","197929.147","440254.738"
"377","2008","1123065","역삼2동","15.804108","16.452803","204330.731","443175.446"
"436","2008","1125072","암사1동","11.814898","11.436108","212019.622","450168.107"
"383","2008","1123072","일원본동","8.024289","11.171962","207178.152","443859.614"
"399","2008","1124068","문정1동","5.785519","5.850864","209757.84","445285.048"
"356","2008","1122056","반포본동","0.944227","0.902703","201483.201","445086.137"
"328","2008","1119055","당산1동","10.379859","10.227708","190906.372","447187.474"
"343","2008","1121069","신림동","9.401928","9.563805","192788.668","440284.456"
"353","2008","1122052","서초2동","13.169142","15.284715","200863.446","442912.533"
"396","2008","1124064","삼전동","13.753536","13.539556","210065.824","445913.699"
"411","2008","1122065","방배4동","12.246777","12.355708","202096.054","441227.636"
"368","2008","1123055","압구정2동","6.082625","6.033543","204821.553","447449.989"
"375","2008","1123063","대치4동","18.124024","17.75343","203250.182","444496.053"
"270","2008","1116067","발산1동","7.98221","8.031642","184607.027","450101.154"
"272","2008","1116071","방화2동","9.234949","9.028087","182826.453","453754.87"
"274","2008","1116073","화곡1동","20.007434","19.991878","185978.11","448301.364"
"308","2008","1119066","신길4동","5.000796","4.83017","191635.444","444611.001"
"309","2008","1119067","신길5동","6.306207","6.192153","192440.595","444336.383"
"310","2008","1119068","신길6동","8.709352","8.621358","192883.061","445343.677"
"311","2008","1119069","신길7동","7.800808","7.690665","191572.632","443762.007"
"315","2008","1119073","영등포본동","8.925488","8.860709","191977.53","447132.6"
"316","2008","1119074","영등포동","17.890056","17.541683","191304.339","445500.911"
"317","2008","1119075","도림동","8.322635","8.149285","194567.437","445737.352"
"275","2008","1116074","우장산동","12.466002","13.01819","186011.435","450076.827"
"319","2008","1120053","상도1동","13.461366","13.478215","194837.894","444867.35"
"290","2008","1117068","오류2동","10.21843362","10.38343795","185378.999","442796.642"
"291","2008","1117069","수궁동","11.88914903","13.0353978","184558.927","444384.536"
"267","2008","1114071","연남동","8.41484","8.286135","190783.78","450807.413"
"367","2008","1123054","압구정1동","7.131148","7.116349","195620.27","445920.171"
"378","2008","1123067","도곡2동","6.171693","5.967999","205351.196","442314.695"
"385","2008","1123075","수서동","76.960833","102.61198","209153.533","441450.913"
"393","2008","1124061","송파1동","10.58757","10.441685","212837.22","450016.02"
"301","2008","1123066","도곡1동","8.943653","8.724931","203602.87","443332.918"
"303","2008","1124051","풍납1동","5.583383","5.487099","210049.203","448760.352"
"362","2008","1120068","대방동","17.584373","17.14294","196987.685","443046.842"
"363","2008","1120069","신대방1동","10.930791","11.214451","193612.31","445282.244"
"364","2008","1120070","신대방2동","22.125485","22.465738","192006.103","443485.022"
"305","2008","1119063","신길1동","9.32045","9.10184","192917.39","445909.132"
"307","2008","1119065","신길3동","7.356238","7.202215","192325.766","445341.301"
"318","2008","1120052","노량진2동","7.997699","7.878201","195963.806","444498.87"
"357","2008","1122057","반포1동","7.485852","7.446047","199597.284","445275.998"
"358","2008","1120056","상도4동","11.014734","10.737273","200351.975","445907.067"
"360","2008","1120065","사당3동","10.845841","10.269315","197446.443","443274.999"
"361","2008","1120067","사당5동","5.668843","5.521229","197392.462","442363.678"
"312","2008","1119070","대림1동","8.51981","8.304132","191234.242","443389.609"
"322","2008","1118055","독산4동","8.25265408","8.22602675","191120.599","439328.644"
"337","2008","1121061","중앙동","6.266487","6.275918","197031.099","441418.731"
"342","2008","1121068","신사동","9.726021","9.727387","193536.714","443050.798"
"352","2008","1122051","서초1동","13.158716","13.138851","202461.729","443293.446"
"409","2008","1122063","방배2동","13.284816","13.324547","199823.794","441675.182"
"410","2008","1122064","방배3동","13.302008","13.003724","199244.368","443372.06"
"327","2008","1118061","시흥5동","9.48840356","10.23127459","193731.108","447688.781"
"329","2008","1119056","당산2동","13.795888","13.562663","191486.792","448223.039"
"331","2008","1119076","문래동","12.657236","14.193056","197890.478","442327.237"
"332","2008","1120072","노량진1동","18.604661","17.891275","197746.612","444321.265"
"333","2008","1120073","사당2동","13.471996","13.322374","194007.282","443463.458"
"340","2008","1121064","서원동","11.607048","11.315398","194525.99","441596.917"
"341","2008","1121066","서림동","10.991969","11.028113","192903.973","442920.817"
"344","2008","1121071","난향동","2.754976","2.712725","191776.175","442659.461"
"345","2008","1121072","조원동","8.344673","8.155081","195609.539","439440.063"
"346","2008","1121073","대학동","16.197446","16.21214","194745.078","443077.456"
"347","2008","1121078","은천동","13.353275","13.202919","195639.647","443380.734"
"348","2008","1121079","성현동","12.621774","12.338544","195081.165","442018.916"
"349","2008","1121080","청룡동","14.800242","14.89106","193853.546","440227.137"
"413","2008","1122068","내곡동","6.701194","5.793083","202364.22","445842.604"
"416","2008","1124069","문정2동","1.356784","1.275244","203495.035","447743"
"354","2008","1122053","서초3동","27.777639","27.556485","201140.422","446503.396"
"350","2008","1121082","삼성동","11.183164","10.94115","192589.217","441644.963"
"351","2008","1121083","미성동","15.563241","15.301466","201801.851","442999.793"
"405","2008","1122058","반포2동","1.891113","1.856192","211614.877","444099.164"
"407","2008","1122060","반포4동","25.867369","25.416047","199032.868","443988.349"
"334","2008","1121052","보라매동","11.358573","11.032821","196396.071","443345.42"
"335","2008","1121057","행운동","13.161144","12.755936","196607.344","442381.192"
"336","2008","1121058","낙성대동","7.964512","8.222774","196583.794","440969.218"
"339","2008","1121063","남현동","8.509472","8.514167","194086.155","442301.543"
"374","2008","1123062","대치3동","14.777525","14.393642","204858.263","444681.936"
"391","2008","1124056","마천2동","7.309458","7.244431","211261.036","443157.816"
"392","2008","1124060","오금동","13.801476","11.33055","209482.927","446921.746"
"394","2008","1124062","송파2동","3.697373","3.693906","211091.967","447669.484"
"397","2008","1124065","가락본동","13.177435","13.220734","211404.128","446461.97"
"400","2008","1124075","잠실4동","0.105726","0.116264","210319.547","444840.944"
"403","2008","1124057","방이1동","7.000069","6.93024","210734.501","444199.501"
"404","2008","1124059","오륜동","3.727643","3.704401","209528.113","443973.611"
"426","2008","1125055","고덕1동","3.079728","3.107819","213176.714","451642.015"
"433","2008","1125067","성내3동","10.131355","9.853181","211815.756","447665.923"
"401","2008","1125052","상일동","8.05737","7.847503","209206.44","444825.298"
"376","2008","1123064","역삼1동","60.090084","59.307558","203972.8","444335.641"
"379","2008","1123068","개포1동","0.54488","0.537682","205913.367","442449.784"
"380","2008","1123069","개포2동","1.701427","2.011517","206351.662","443239.501"
"381","2008","1123070","개포3동","0.469326","0.434542","204710.452","441911.221"
"434","2008","1125070","둔촌1동","3.118539","3.255669","212380.541","447051.992"
"435","2008","1125071","둔촌2동","9.936283","9.861327","213127.875","448044.449"
"437","2008","1125073","천호2동","15.381107","15.316853","210788.956","449383.591"
"382","2008","1123071","개포4동","11.016288","11.009447","207425.076","442627.816"
"386","2008","1123076","세곡동","2.651814","2.586811","209733.947","447836.425"
"387","2008","1124052","풍납2동","13.731943","13.852274","212567.588","443919.115"
"388","2008","1124053","거여1동","4.589841","4.599134","213171.669","443307.769"
"415","2008","1124067","가락2동","9.679035","10.46316","202495","447748.443"
"419","2008","1124077","잠실6동","6.814883","6.442344","208776.964","446524.327"
"424","2008","1125053","명일1동","8.868772","8.687536","214585.692","450155.145"
"432","2008","1125066","성내2동","10.506958","10.360192","211294.978","448323.149"
"389","2008","1124054","거여2동","5.159467","5.077378","213665.901","443882.358"
"406","2008","1122059","반포3동","4.806518","4.959077","210402.067","442170.777"
"418","2008","1124071","잠실본동","14.353305","14.406461","207247.974","445125.744"
"369","2008","1123056","청담1동","11.231703","11.444995","203952.789","447006.484"
"402","2008","1125065","성내1동","7.794024","7.602051","208003.497","444695.558"
"420","2008","1124078","잠실7동","0.41099","0.410427","206556.921","445284.388"
"421","2008","1124079","잠실2동","1.531068","1.504161","207032.194","446477.204"
"428","2008","1125058","암사2동","2.462027","2.48443","210880.906","450968.767"
"390","2008","1124055","마천1동","6.423052","6.359872","213409.003","444559.418"
"365","2008","1120071","흑석동","18.810222","17.974609","193121.754","443841.773"
"370","2008","1123057","청담2동","10.549502","10.454419","205250.361","446307.434"
"371","2008","1123058","삼성1동","28.756018","28.173288","204331.585","445802.96"
"372","2008","1123059","삼성2동","14.377725","14.412131","205857.937","444010.024"
"169","2008","1111054","월계4동","8.269525","8.417525","206628.143","459869.162"
"253","2008","1116053","등촌2동","8.460003","8.280468","186456.614","451389.529"
"271","2008","1116070","방화1동","11.095055","10.872201","183479.251","452247.062"
"366","2008","1123053","논현2동","22.733526","22.611445","196874.495","445104.241"
"412","2008","1122066","양재1동","13.689656","13.813689","206165.612","439211.042"
"395","2008","1124063","석촌동","15.180216","14.91921","210816.916","445619.643"
"438","2008","1125074","길동","17.600033","17.597098","213023.986","448939.589"
"417","2008","1124070","장지동","24.023311","36.221153","212098.948","442416.229"
"422","2008","1124080","잠실3동","9.816598","9.296283","208380.132","446309.836"
"423","2008","1125051","강일동","13.041745","14.206382","215247.599","451535.363"
"425","2008","1125054","명일2동","4.745891","4.439935","213768.099","449897.966"
"427","2008","1125056","고덕2동","8.113909","8.241782","214335.251","451907.084"
"429","2008","1125059","암사3동","1.781513","1.788522","212230.801","451450.658"
"430","2008","1125061","천호1동","10.212399","10.259278","212156.58","449683.208"
"431","2008","1125063","천호3동","9.436737","9.392293","211849.088","448880.5"
