p_id,assist,goal,play,st
19930001,0,0,4,3
19940002,0,0,1,1
19940003,0,1,5,12
19970002,0,0,6,7
19970004,0,0,3,2
19970005,0,0,3,3
19970006,3,14,33,89
19970007,5,6,25,41
19970008,13,7,58,104
19970009,3,11,50,70
19970010,33,61,181,549
19970011,0,2,10,12
19970012,0,0,2,3
19970013,8,8,38,65
19970014,20,38,176,210
19970016,10,43,128,192
19970017,0,1,4,4
19970018,0,0,2,2
19970019,0,0,6,5
19970023,9,5,48,50
19970024,1,0,15,8
19970025,0,3,4,5
19970029,0,0,1,0
19970031,0,0,4,2
19970032,0,0,6,3
19970033,0,0,3,2
19970034,0,0,1,0
19970036,0,0,1,1
19970038,0,1,2,5
19970039,2,1,6,7
19970040,0,0,3,4
19970041,0,0,3,9
19970042,3,7,45,59
19970043,15,20,119,212
19970044,0,0,10,11
19970046,1,7,57,55
19970047,15,50,171,342
19970048,19,32,129,204
19970049,0,0,1,4
19970050,2,5,23,29
19970051,6,8,26,55
19970052,0,0,1,1
19970053,0,0,5,9
19970055,0,0,4,0
19970056,17,27,178,238
19970058,0,0,3,2
19970063,0,1,3,1
19970064,0,0,8,7
19970068,0,0,1,0
19970069,33,31,103,224
19970070,0,0,11,6
19970080,0,0,5,2
19970083,2,0,11,11
19970084,0,1,4,7
19970085,0,0,4,8
19970086,0,11,34,83
19970087,5,5,48,56
19970088,0,0,1,1
19970092,3,2,34,42
19970093,16,20,103,200
19970094,14,31,58,167
19970095,5,10,65,96
19970097,2,5,43,66
19970100,4,2,40,34
19970102,8,6,38,55
19970104,0,0,5,7
19970110,4,9,28,67
19970111,0,1,12,10
19970114,3,1,22,20
19970115,2,1,12,10
19970116,1,1,3,5
19970117,10,35,93,235
19970118,15,8,69,115
19970119,18,32,130,239
19970120,0,1,5,1
19970121,0,0,6,5
19970122,0,0,10,6
19970123,0,0,3,0
19970124,0,2,14,20
19970125,14,13,99,136
19970126,0,6,43,58
19970127,0,0,2,0
19970131,0,0,10,10
19970132,0,2,15,23
19970133,0,0,8,1
19970134,1,7,23,28
19970135,7,26,67,152
19970136,0,0,2,3
19970137,6,19,85,132
19970144,1,0,5,9
19970148,6,12,42,95
19970149,9,3,53,53
19970150,5,6,38,66
19970152,2,10,46,68
19970153,17,40,130,329
19970154,5,8,37,42
19970155,0,0,8,7
19970156,0,0,2,3
19970158,0,4,20,27
19970159,0,1,4,5
19970160,3,12,43,79
19970161,1,3,37,56
19970162,0,0,1,1
19970165,0,0,1,1
19970166,0,2,10,17
19970168,0,0,1,1
19970170,0,0,1,0
19970176,0,0,5,2
19970178,0,0,6,5
19970179,12,33,110,216
19970180,1,1,9,5
19970181,3,2,23,19
19970182,35,54,162,411
19970184,23,26,143,181
19970185,0,0,6,2
19970186,1,0,1,1
19970187,0,1,12,12
19970188,0,0,1,0
19970189,0,1,9,10
19970190,18,31,111,211
19970191,1,1,11,8
19970192,37,98,238,872
19970193,0,0,3,0
19970195,32,103,282,504
19970196,0,0,2,3
19970198,0,0,2,4
19970199,0,2,16,6
19970200,0,2,9,8
19970201,1,0,16,11
19970202,0,0,18,16
19970208,1,2,25,35
19970209,0,0,5,4
19970210,8,15,74,155
19970212,0,0,3,0
19970213,0,0,3,0
19970214,33,67,192,527
19970215,0,1,7,15
19970216,13,33,181,264
19970218,0,0,1,0
19970219,11,17,91,156
19970221,1,3,17,22
19970222,0,0,3,1
19970223,1,5,17,23
19970224,7,18,92,128
19970225,0,0,3,0
19970228,0,0,2,4
19970235,0,0,3,3
19970237,0,0,2,1
19970238,0,0,1,0
19970239,0,0,2,0
19970242,9,21,72,153
19970245,0,1,12,13
19970246,1,0,1,1
19970247,0,2,12,23
19970248,0,1,3,5
19970250,17,43,156,283
19970251,0,0,3,4
19970252,0,0,5,3
19970253,0,0,1,0
19970254,0,0,2,0
19970258,0,1,5,5
19970259,0,0,2,2
19970260,0,0,5,7
19970261,0,0,4,3
19970265,0,1,9,17
19970267,0,0,1,0
19970268,0,0,1,0
19970269,1,3,10,10
19970270,6,6,55,77
19970271,26,68,216,346
19970272,6,21,60,223
19970273,2,4,32,52
19970274,15,47,159,310
19970277,0,0,2,0
19970279,2,2,35,38
19970280,1,0,3,1
19970281,0,0,4,3
19970282,0,0,7,9
19970287,1,2,14,18
19970289,1,1,16,16
19970291,0,0,4,3
19970294,3,0,14,13
19970296,0,0,1,0
19970297,1,0,1,2
19970299,2,3,26,50
19970300,0,1,10,6
19970301,0,0,1,0
19970302,0,0,2,3
19970303,0,0,3,0
19970304,0,0,2,1
19970305,4,2,22,39
19970306,12,26,143,205
19970307,6,16,98,134
19970308,1,4,20,40
19970309,0,0,14,16
19970310,0,0,6,8
19970311,0,1,15,19
19970313,1,0,3,3
19970314,2,5,23,43
19970315,49,105,341,707
19970316,1,5,47,54
19970317,0,3,9,11
19970319,1,0,5,4
19970328,0,1,2,1
19980112,0,0,3,2
19980114,1,0,3,0
19980115,0,1,6,3
19980117,2,4,24,30
19980118,0,1,10,11
19980120,0,0,1,0
19980121,0,0,5,3
19980126,34,50,128,346
19980127,0,1,2,4
19980129,6,21,101,159
19980130,3,15,58,67
19980131,2,5,31,51
19980135,3,11,50,73
19980137,1,2,29,16
19980142,0,0,2,2
19980143,38,106,233,594
19980144,1,2,5,6
19980145,3,3,39,38
19980146,0,0,3,3
19980148,1,1,13,16
19980149,9,2,48,75
19980150,4,3,39,38
19980153,0,0,3,2
19980155,0,0,1,1
19980156,1,1,6,5
19980158,0,0,4,4
19980160,3,6,47,48
19980164,0,1,7,6
19980165,1,0,2,1
19980166,1,0,7,7
19980167,0,0,1,0
19980168,40,50,195,422
19980169,0,1,4,4
19980170,0,0,2,1
19980171,7,16,76,130
19980172,0,0,1,1
19980173,4,5,54,59
19980174,27,54,196,393
19980176,2,7,49,67
19980177,0,0,1,1
19980178,7,9,79,75
19980185,0,0,1,0
19980186,6,16,60,129
19980187,23,53,136,376
19980188,9,22,88,146
19980189,11,12,78,135
19980192,2,2,11,12
19980194,4,4,17,39
19980195,4,2,15,17
19980196,1,5,28,17
19980197,0,0,3,1
19980200,5,4,23,44
19980203,0,0,1,2
19980204,8,12,80,98
19980205,1,0,3,9
19980206,0,0,5,6
19980207,0,0,1,1
19980209,9,16,103,107
19980210,0,0,2,0
19980212,0,0,6,5
19980213,5,17,70,99
19980215,0,1,5,9
19980216,0,0,3,0
19980217,1,1,10,10
19980218,0,0,2,0
19980220,0,0,2,2
19980222,0,0,1,1
19980223,4,3,19,27
19980224,19,35,127,268
19980226,6,6,47,59
19980227,2,1,22,20
19980228,1,0,2,1
19980229,2,1,25,28
19980231,0,2,8,18
19980232,0,0,1,1
19980238,7,6,53,73
19980240,0,1,16,14
19980241,8,15,71,98
19980242,0,1,6,6
19980243,2,1,5,7
19980245,0,2,15,12
19980247,0,0,3,1
19980252,0,1,2,6
19980253,0,1,4,1
19980255,0,0,1,0
19980260,0,1,7,19
19980261,0,0,1,1
19980262,0,0,1,0
19980263,0,0,1,4
19980264,7,5,21,50
19980265,1,2,19,24
19980267,0,0,1,1
19980269,1,1,2,4
19980270,2,0,4,4
19980271,1,2,14,18
19980272,0,0,4,2
19980274,5,6,71,85
19980275,0,0,1,1
19980276,0,0,2,5
19980277,0,0,1,0
19980278,8,3,47,38
19980279,12,0,42,67
19980285,0,0,4,1
19980286,14,30,93,202
19980287,10,6,43,52
19980288,1,2,17,27
19980289,1,1,8,11
19980291,2,21,75,123
19980292,6,16,51,97
19980294,6,37,126,259
19980295,3,1,37,54
19980296,13,31,129,227
19980298,0,5,11,40
19980303,4,5,13,22
19980306,9,29,96,193
19980308,15,45,140,254
19980311,0,4,17,30
19980312,5,1,14,26
19980314,34,19,129,168
19980317,7,6,22,32
19980319,0,0,1,0
19980322,6,15,50,129
19980323,3,3,24,29
19980324,1,7,20,32
19980325,18,29,127,298
19980326,1,0,6,3
19980328,0,0,2,3
19980329,7,6,38,64
19980330,6,16,39,94
19980332,3,4,20,38
19980333,6,9,21,41
19980334,0,0,3,1
19980335,11,13,83,92
19980337,1,2,18,24
19980340,0,0,5,4
19980341,0,0,1,0
19980345,12,30,92,205
19980346,13,18,64,145
19980348,2,4,12,12
19980351,1,1,3,9
19980352,7,7,19,31
19980354,6,1,29,29
19980355,0,1,7,9
19980358,3,5,45,64
19980361,0,0,2,1
19980366,0,0,3,2
19980367,0,0,4,7
19980368,0,0,1,3
19980369,2,2,9,6
19980371,0,1,1,2
19980372,0,1,5,10
19980373,0,0,1,0
19980374,1,0,7,9
19980375,0,4,3,12
19980376,0,0,9,12
19980377,0,0,1,1
19980383,13,41,101,297
19980384,2,5,43,48
19980386,0,1,1,1
19980392,17,47,195,308
19980393,2,12,33,81
19980395,0,0,7,7
19980396,0,0,1,0
19980397,0,1,9,12
19980402,0,0,1,0
19980403,0,0,1,0
19980404,3,3,20,35
19980408,0,0,2,0
19980413,11,25,99,186
19980414,0,0,10,4
19980415,0,0,1,0
19980417,0,2,7,6
19980419,0,1,12,13
19980420,0,0,2,0
19980422,0,0,2,1
19980423,0,0,8,8
19980424,0,0,3,1
19980425,1,0,5,1
19980428,9,9,73,117
19980436,1,0,2,4
19980437,1,1,13,28
19980439,0,0,2,1
19980441,2,17,35,115
19980442,0,3,6,7
19980443,53,163,344,1123
19980444,0,0,10,9
19980450,0,0,4,4
19980454,1,0,22,16
19980457,21,34,150,301
19980459,0,0,1,1
19980460,3,1,11,15
19980461,1,2,22,18
19980465,1,0,5,7
19980466,0,0,2,3
19980468,1,0,3,1
19980469,0,0,4,5
19980470,1,5,16,33
19980471,0,0,1,1
19980472,0,0,1,1
19980473,0,2,9,18
19980474,0,0,4,5
19980475,0,4,13,25
19980489,0,0,1,0
19980490,7,6,41,48
19980491,5,12,52,50
19980493,0,0,1,0
19980494,0,0,1,2
19980495,14,23,108,194
19980501,1,0,12,20
19980502,1,0,24,14
19980505,0,1,5,9
19980506,0,6,21,38
19980507,0,0,2,1
19980508,2,0,6,3
19980513,7,3,25,48
19980518,2,6,66,71
19980527,3,2,19,17
19980533,0,0,1,0
19980535,0,0,2,2
19980536,1,0,1,1
19980537,3,4,10,19
19980538,1,2,5,5
19980539,3,4,20,37
19980540,0,0,1,1
19980541,0,1,4,3
19980543,0,2,11,21
19980544,0,0,3,3
19980546,0,0,1,1
19980547,0,2,2,5
19980550,4,2,20,39
19980551,1,1,11,9
19980553,0,1,11,15
19980556,0,0,1,0
19980557,0,0,3,2
19980558,1,7,21,22
19980559,0,0,2,3
19980560,0,0,1,1
19980563,0,0,3,0
19980566,0,0,1,0
19980567,2,1,6,6
19980568,0,0,4,4
19980570,0,0,2,3
19980571,0,0,1,0
19980575,3,0,13,9
19980576,1,0,2,2
19980580,0,1,10,15
19980582,0,1,1,1
19980583,0,0,1,0
19980584,0,0,2,3
19980585,0,0,3,7
19980586,1,0,6,13
19980587,8,9,29,50
19980590,0,0,2,1
19980594,1,0,2,2
19980598,1,3,3,5
19980603,0,0,3,4
19980606,0,0,2,3
19980608,0,6,18,49
19980610,0,0,1,0
19980611,5,11,29,65
19980614,1,1,6,6
19980615,0,6,18,30
19980619,4,7,44,59
19980620,0,0,1,0
19980621,0,0,2,1
19980623,0,0,8,11
19980624,0,0,2,1
19980629,0,0,1,0
19980630,1,3,12,22
19980631,0,0,2,6
19980633,0,0,2,0
19980634,0,1,2,4
19980635,0,0,2,1
19980636,1,1,8,12
19980637,0,0,1,1
19980639,1,2,18,14
19980640,1,2,5,7
19980641,0,0,7,10
19980642,0,0,5,1
19980643,0,0,1,3
19980644,0,0,1,0
19980646,0,0,1,3
19980647,1,4,16,18
19980648,0,0,3,2
19980650,0,1,3,5
19980652,10,7,62,74
19980653,0,0,3,8
19980654,1,0,10,7
19980655,0,0,2,2
19980657,0,1,8,7
19980659,0,0,2,1
19980660,2,0,5,6
19980661,0,0,3,3
19980664,0,0,1,0
19980666,0,0,1,1
19980668,0,0,6,1
19980669,5,5,39,31
19980670,0,0,3,0
19980672,3,0,7,9
19980673,0,8,23,36
19980676,0,0,2,1
19980677,0,0,1,0
19980678,0,0,8,12
19980679,0,0,1,0
19980681,1,0,12,8
19980683,0,0,5,5
19980685,0,2,10,13
19980687,0,8,32,45
19980690,0,0,3,0
19980691,0,0,1,0
19980692,0,0,1,1
19980695,0,0,2,1
19980696,4,4,24,28
19980697,1,3,18,25
19980698,0,0,2,1
19980700,7,4,31,45
19980701,1,0,6,8
19980703,1,4,14,16
19980704,0,1,7,7
19980708,7,18,81,148
19980709,1,0,4,1
19980710,0,0,2,3
19980711,0,0,3,3
19980714,0,0,5,3
19980716,0,0,18,24
19980721,0,0,2,1
19980722,0,0,1,0
19980724,0,0,1,0
19980725,1,0,11,7
19980726,0,1,15,17
19980728,3,0,14,23
19980730,0,0,1,0
19980731,1,0,9,9
19980732,1,1,15,13
19980733,0,0,3,1
19980734,4,3,43,33
19980739,0,1,18,20
19980742,5,25,87,185
19980745,0,0,2,1
19980752,1,0,10,10
19980753,0,0,1,0
19980755,0,0,3,1
19980758,0,0,8,4
19980763,0,3,10,9
19980764,1,0,2,3
19980767,3,5,36,41
19980768,5,2,31,24
19980769,1,2,8,6
19980770,0,3,10,24
19980771,0,0,3,5
19980772,1,1,4,3
19980773,0,0,1,1
19980778,1,2,13,14
19980779,0,0,3,2
19980780,0,0,2,0
19980781,0,0,8,11
19980783,4,0,26,55
19980784,1,7,17,42
19980789,0,2,13,20
19980790,1,0,13,17
19980791,3,9,33,47
19980795,0,0,1,0
19980803,0,0,1,1
19980804,3,6,31,43
19980810,0,2,7,10
19980812,0,0,7,12
19980813,0,0,1,2
19980814,0,3,11,19
19980820,0,0,1,0
19980822,4,1,12,20
19980823,0,2,4,4
19980825,1,2,17,16
19980826,0,1,20,44
19980832,0,0,1,1
19980835,0,0,7,6
19980836,1,0,8,6
19980837,0,4,27,30
19980838,0,0,1,2
19980839,1,2,11,24
19980842,1,0,10,5
19980854,0,2,9,13
19980856,1,1,19,28
19980857,0,1,6,3
19980859,0,2,6,6
19980862,0,1,9,9
19980864,1,0,5,12
19990005,2,9,34,57
19990026,4,5,49,46
19990027,4,17,101,135
19990030,0,0,1,0
19990033,2,4,23,58
19990038,2,8,71,77
19990041,0,0,9,9
19990044,2,11,43,82
19990046,0,0,10,11
19990047,4,14,54,94
19990048,0,0,3,0
19990053,0,0,1,0
19990054,0,0,3,0
19990055,4,13,63,106
19990057,1,7,27,52
19990065,0,0,8,3
19990069,0,0,2,1
19990071,0,1,3,6
19990072,0,1,10,15
19990076,0,0,1,1
19990078,0,0,2,0
19990079,0,0,2,4
19990083,0,0,3,5
19990084,0,0,7,8
19990086,1,1,18,25
19990089,0,0,7,4
19990092,0,0,3,2
19990095,0,0,3,0
19990096,7,10,64,74
19990097,0,0,1,0
19990098,0,0,1,1
19990100,0,0,3,1
19990102,0,0,3,5
19990106,0,0,18,7
19990115,0,0,2,5
19990121,0,2,13,14
19990125,0,0,4,0
19990134,0,1,3,4
19990135,0,3,12,22
19990137,2,5,24,34
19990141,0,0,1,0
19990144,2,0,24,27
19990149,1,7,34,58
19990150,0,2,6,5
19990151,0,1,12,12
19990152,1,0,2,0
19990156,0,0,1,0
19990157,0,0,2,2
19990158,1,0,6,4
19990160,0,0,1,0
19990161,6,35,99,263
19990163,1,3,8,22
19990168,0,0,3,2
19990169,1,0,3,9
19990170,0,0,1,0
19990174,0,4,16,34
19990175,0,2,7,15
20000001,0,0,2,1
20000002,6,5,42,74
20000003,0,0,4,5
20000004,0,0,3,2
20000005,0,1,6,10
20000010,0,0,2,0
20000018,10,7,47,56
20000021,2,0,13,19
20000030,1,0,9,7
20000031,0,0,6,6
20000032,0,0,1,0
20000035,0,0,2,0
20000037,0,0,3,0
20000038,0,0,1,0
20000044,2,21,108,139
20000045,5,3,46,36
20000048,1,0,3,2
20000049,6,3,20,49
20000050,15,10,57,69
20000053,22,18,96,126
20000054,0,0,2,1
20000055,0,0,1,0
20000056,8,14,67,140
20000058,1,0,3,1
20000060,0,0,2,0
20000061,0,8,21,36
20000065,1,0,6,3
20000081,1,0,2,2
20000084,0,0,1,0
20000087,12,10,73,101
20000088,6,5,17,42
20000089,0,0,9,12
20000092,0,0,2,2
20000094,0,0,1,2
20000097,6,12,60,113
20000098,0,0,1,0
20000104,0,0,4,5
20000109,0,0,7,6
20000110,0,0,7,2
20000111,0,0,2,2
20000112,0,0,1,4
20000113,0,0,3,3
20000114,0,0,4,0
20000117,1,0,5,6
20000118,0,0,25,29
20000119,0,0,2,0
20000120,0,0,18,16
20000126,0,0,2,3
20000127,15,26,146,240
20000128,1,2,7,5
20000132,0,0,1,0
20000149,0,0,1,0
20000152,1,7,29,58
20000153,0,0,3,4
20000154,6,3,32,66
20000155,0,0,8,10
20000158,0,0,2,2
20000159,0,0,2,2
20000160,0,2,5,18
20000162,0,0,3,5
20000164,3,7,51,71
20000165,0,5,10,22
20000167,0,1,3,6
20000168,12,36,111,264
20010003,9,23,139,191
20010004,2,1,27,29
20010005,18,46,177,312
20010012,1,0,5,0
20010019,0,0,14,11
20010020,0,0,2,0
20010028,0,0,7,7
20010031,0,0,1,0
20010032,0,0,4,4
20010034,0,0,4,1
20010035,2,6,43,63
20010038,0,0,4,0
20010043,0,1,4,7
20010044,0,0,1,1
20010047,1,1,8,10
20010048,0,0,6,7
20010049,0,1,28,11
20010056,0,1,8,2
20010057,8,29,94,186
20010058,0,0,1,0
20010059,9,12,84,77
20010061,0,0,2,2
20010062,1,0,3,0
20010063,0,0,7,4
20010064,3,1,19,16
20010067,0,0,1,0
20010068,0,0,5,4
20010070,0,0,2,0
20010071,1,6,26,43
20010073,0,0,2,1
20010074,2,0,8,4
20010075,0,0,2,0
20010079,0,0,2,0
20010080,0,0,2,0
20010081,0,0,1,0
20010083,1,0,12,10
20010086,0,1,9,6
20010088,1,1,18,20
20010094,0,0,1,0
20010095,0,0,1,0
20010098,0,0,5,4
20010100,1,1,11,6
20010101,0,2,8,8
20010102,0,0,1,1
20010104,7,13,46,68
20010105,0,2,13,23
20010108,1,1,17,9
20010109,0,0,3,3
20010112,0,0,9,14
20010114,0,0,3,0
20010115,0,0,2,3
20010116,0,0,5,0
20010117,0,0,3,2
20010118,0,0,2,5
20010120,1,7,25,47
20010121,0,2,9,17
20010122,1,2,8,11
20010123,12,4,39,79
20010124,2,2,9,10
20010126,0,0,1,1
20010127,1,2,14,31
20010128,9,38,127,255
20010130,0,0,1,0
20010131,0,0,3,2
20020001,0,0,1,0
20020002,3,8,65,101
20020011,0,0,20,11
20020014,0,0,2,0
20020015,12,18,90,181
20020016,0,0,5,1
20020017,0,0,2,0
20020019,2,3,45,34
20020020,0,0,3,2
20020021,0,0,1,0
20020023,0,0,1,0
20020028,0,1,3,3
20020029,19,30,87,259
20020030,18,42,125,249
20020032,6,30,105,183
20020034,0,0,4,0
20020035,0,0,1,0
20020040,0,0,3,2
20020045,5,6,42,64
20020046,0,0,1,2
20020048,0,0,4,0
20020049,0,0,6,7
20020053,1,0,3,5
20020056,0,0,2,3
20020057,0,0,5,5
20020059,0,0,1,3
20020061,4,0,25,33
20020063,0,1,4,3
20020069,0,0,4,3
20020073,0,0,1,0
20020074,1,0,9,11
20020075,0,1,5,6
20020080,2,6,30,38
20020082,0,0,9,7
20020085,0,0,2,4
20020086,14,27,96,196
20020087,0,0,15,2
20020090,0,0,2,0
20020091,0,0,2,2
20020093,0,1,8,4
20020095,1,2,16,22
20020097,1,0,20,16
20020099,0,0,3,3
20020100,0,0,1,0
20020103,0,0,1,1
20020104,1,4,15,23
20020105,1,5,14,31
20020114,0,0,9,1
20020116,1,0,3,1
20020117,2,0,17,5
20020119,10,23,43,148
20020120,2,16,44,81
20020121,1,1,16,12
20020122,1,0,7,10
20020123,0,3,10,11
20020124,1,0,3,1
20020125,17,31,67,223
20020126,0,0,1,2
20020127,3,4,19,51
20020128,0,0,10,1
20020129,2,4,24,49
20020130,0,0,1,0
20020132,0,0,3,3
20020133,0,1,5,2
20020135,1,0,14,12
20030003,0,1,8,12
20030004,0,0,2,0
20030007,0,0,1,0
20030008,0,0,3,3
20030009,0,0,3,3
20030012,0,0,6,10
20030013,0,0,2,3
20030015,0,0,1,0
20030016,0,0,5,1
20030028,3,0,6,2
20030029,17,55,154,362
20030030,0,0,6,12
20030031,0,0,15,9
20030032,1,9,61,71
20030034,0,0,2,1
20030036,5,3,40,76
20030037,1,2,21,10
20030038,2,1,11,11
20030040,0,0,1,0
20030043,0,0,2,3
20030045,7,8,91,86
20030048,0,0,1,0
20030049,0,0,2,1
20030055,4,3,19,17
20030057,0,0,6,7
20030058,2,6,61,53
20030061,0,0,3,3
20030063,0,1,19,35
20030068,3,12,22,63
20030069,7,17,114,220
20030070,18,31,152,270
20030073,10,29,125,228
20030074,0,0,2,1
20030075,0,0,4,0
20030077,0,0,1,1
20030079,0,3,20,20
20030080,1,1,12,6
20030081,5,1,40,49
20030083,0,1,2,3
20030084,0,0,1,0
20030085,1,2,16,18
20030086,0,0,4,3
20030088,0,0,1,0
20030089,3,2,11,16
20030090,1,0,5,4
20030091,2,4,48,31
20030092,0,0,4,1
20030093,1,0,20,25
20030094,1,4,20,24
20030096,0,0,4,1
20030097,0,0,6,2
20030098,5,4,36,53
20030099,0,1,1,2
20030100,15,14,69,112
20030101,0,0,3,0
20030102,0,1,18,10
20030103,0,0,2,0
20030104,0,0,7,2
20030105,6,3,25,14
20030114,22,33,73,226
20030115,7,0,42,54
20030116,1,0,4,2
20030117,6,14,45,77
20030119,11,11,77,64
20030126,0,0,7,9
20030127,0,0,1,0
20030129,0,0,1,0
20030130,4,33,58,169
20030131,0,0,3,0
20030132,2,2,16,26
20030133,2,3,18,30
20030134,8,27,44,157
20030136,4,2,47,33
20030137,0,0,2,5
20030138,0,0,1,0
20030139,0,4,10,12
20030140,0,0,1,0
20030141,0,0,2,0
20030142,0,0,4,0
20030143,2,1,20,13
20030144,11,49,121,320
20030146,0,0,5,4
20030147,1,4,10,15
20030148,7,6,55,54
20030149,0,0,1,0
20030150,3,4,11,11
20030151,1,4,6,11
20030152,0,0,1,0
20030153,6,3,11,33
20030154,0,0,3,0
20030155,1,4,16,30
20030156,0,1,3,5
20030157,0,0,4,0
20030158,8,16,90,128
20030160,0,21,46,82
20030161,2,0,10,14
20030162,1,3,9,10
20030163,2,2,24,23
20030164,0,2,7,8
20030165,0,0,1,3
20030166,3,1,24,25
20030167,6,35,68,166
20030169,0,0,7,18
20040001,2,1,10,8
20040002,0,0,1,0
20040003,3,0,18,5
20040011,1,4,8,17
20040012,1,3,11,16
20040013,0,0,4,1
20040014,0,6,9,12
20040016,0,0,2,0
20040020,0,0,4,1
20040021,0,0,24,7
20040022,1,1,12,3
20040028,0,0,2,5
20040029,2,4,19,43
20040031,0,0,1,0
20040033,0,0,1,0
20040034,13,25,163,242
20040035,0,0,3,0
20040037,4,3,31,43
20040040,0,0,12,2
20040041,2,4,46,89
20040044,22,47,123,290
20040045,0,0,2,0
20040054,2,1,11,17
20040055,0,0,2,4
20040056,0,0,3,1
20040057,16,30,144,191
20040058,0,0,1,0
20040066,0,0,1,2
20040067,1,0,13,13
20040070,15,16,65,150
20040073,1,1,10,15
20040074,0,0,8,7
20040075,0,0,2,0
20040077,6,4,27,35
20040078,6,3,52,48
20040080,0,0,4,5
20040081,2,5,14,15
20040082,1,1,22,17
20040084,29,62,147,355
20040085,0,3,17,15
20040089,0,0,2,0
20040092,1,3,9,11
20040095,0,0,2,0
20040096,0,0,3,0
20040097,4,15,45,151
20040098,7,17,78,132
20040101,0,1,3,4
20040102,1,19,34,73
20040104,1,9,26,82
20040106,0,0,1,0
20040108,0,0,7,5
20040111,0,0,6,1
20040112,0,0,2,2
20040113,2,1,14,9
20040114,0,0,1,0
20040121,8,12,91,139
20040122,0,0,4,2
20040123,0,0,1,0
20040126,6,11,70,90
20040132,0,0,11,6
20040133,0,1,13,19
20040134,0,0,9,2
20040135,0,0,3,1
20040136,0,0,1,0
20040138,16,17,73,110
20040139,0,3,11,16
20040140,1,2,16,25
20040141,22,59,191,495
20040142,0,4,11,19
20040143,0,0,2,2
20040144,5,24,96,191
20040146,2,32,67,188
20040148,0,0,2,3
20040149,2,2,14,44
20040150,21,42,117,291
20040152,0,0,3,1
20040153,1,2,9,16
20040154,0,1,12,22
20040155,0,1,10,17
20040156,3,1,9,18
20040157,1,1,6,9
20050001,0,1,3,4
20050002,0,0,2,0
20050010,0,0,4,2
20050012,6,3,26,29
20050014,0,0,1,2
20050020,0,0,5,2
20050022,0,0,11,10
20050023,0,0,5,8
20050024,0,0,7,2
20050025,0,1,3,1
20050027,0,0,1,0
20050028,2,1,15,13
20050029,0,1,6,10
20050030,0,0,1,0
20050033,0,0,1,1
20050034,0,0,3,1
20050038,1,1,4,4
20050043,0,3,20,18
20050045,0,0,15,21
20050053,1,8,29,65
20050056,2,1,5,7
20050057,1,0,27,11
20050059,14,19,50,184
20050060,1,0,7,11
20050061,1,1,8,12
20050062,0,0,1,0
20050063,0,0,3,0
20050064,1,1,5,7
20050066,0,0,3,1
20050069,0,0,1,0
20050073,24,41,134,282
20050076,3,1,19,29
20050078,0,0,1,0
20050079,2,13,41,84
20050082,8,8,54,105
20050086,10,22,107,204
20050087,4,1,17,27
20050089,2,10,40,69
20050090,0,0,9,17
20050093,18,4,44,85
20050094,10,30,84,205
20050097,0,0,3,2
20050098,6,18,49,167
20050099,4,15,65,159
20050100,3,22,66,136
20050102,4,15,56,116
20050104,1,1,17,25
20050105,1,1,11,4
20050107,0,0,5,4
20050109,3,2,7,21
20050122,1,0,4,5
20050124,0,4,23,45
20050125,1,0,1,6
20050126,0,0,3,2
20050127,7,23,65,154
20050148,3,15,40,69
20050149,0,0,1,1
20050153,0,0,1,1
20050154,2,2,10,19
20050155,0,5,15,37
20050160,0,0,1,0
20050161,0,0,2,0
20060002,0,0,1,0
20060005,8,14,84,118
20060006,0,2,13,13
20060007,0,0,1,1
20060009,0,0,2,2
20060012,0,0,1,1
20060013,27,17,78,169
20060015,8,5,42,44
20060016,0,0,1,1
20060017,3,0,36,25
20060018,5,7,34,70
20060019,0,0,4,1
20060021,0,0,2,4
20060024,0,0,1,1
20060027,0,0,5,2
20060037,0,0,2,1
20060039,0,2,3,4
20060040,0,0,1,0
20060041,0,0,1,0
20060042,9,9,97,122
20060045,0,0,1,2
20060047,4,2,31,38
20060048,2,3,18,22
20060053,0,0,4,2
20060055,0,0,9,7
20060059,0,0,3,1
20060060,6,4,22,52
20060061,0,0,5,7
20060062,1,0,5,2
20060063,0,1,3,9
20060064,4,5,26,44
20060065,0,1,17,14
20060066,1,0,4,1
20060068,0,0,1,0
20060072,3,3,29,33
20060073,3,2,13,23
20060074,0,2,30,14
20060076,4,3,63,56
20060077,0,0,1,0
20060078,13,16,73,131
20060079,1,0,10,2
20060080,0,0,3,0
20060081,0,0,2,1
20060082,14,26,92,161
20060083,0,0,3,9
20060084,0,0,1,5
20060085,0,0,1,0
20060089,2,1,32,36
20060090,17,46,167,290
20060093,0,1,6,6
20060097,0,0,2,1
20060100,0,0,2,0
20060102,0,1,2,1
20060103,0,1,2,2
20060104,2,1,7,18
20060105,0,0,1,1
20060106,0,0,3,0
20060108,0,0,5,1
20060110,0,0,1,0
20060111,0,3,20,23
20060114,12,26,85,199
20060117,1,1,22,28
20060118,0,2,16,14
20060127,0,0,1,0
20060128,1,3,13,14
20060129,1,0,5,3
20060130,23,47,115,193
20060132,0,0,1,4
20060136,0,0,2,4
20060139,0,0,7,10
20060142,0,0,2,2
20060145,0,1,15,15
20060146,6,8,16,27
20060154,16,40,92,286
20060170,0,0,1,1
20060171,0,3,10,18
20060173,0,4,12,18
20060176,0,0,4,10
20060177,0,0,1,1
20060178,0,1,8,9
20070002,0,0,5,2
20070003,0,1,4,5
20070004,0,0,3,5
20070006,0,0,1,0
20070008,3,4,32,47
20070009,2,1,14,16
20070015,0,0,3,0
20070016,3,16,59,116
20070019,0,0,2,2
20070024,0,0,1,4
20070026,0,0,1,1
20070031,8,19,77,112
20070032,0,1,5,5
20070034,0,0,6,6
20070035,1,0,4,6
20070036,2,1,13,25
20070037,1,0,6,8
20070039,0,0,1,0
20070043,7,16,75,135
20070044,0,0,1,0
20070045,0,0,1,2
20070050,24,72,166,410
20070052,2,1,12,13
20070053,0,0,2,0
20070054,0,1,4,4
20070059,0,0,1,2
20070073,0,0,2,1
20070075,0,0,2,8
20070076,7,15,27,68
20070078,0,0,2,3
20070079,0,1,17,22
20070080,1,1,12,12
20070082,0,0,1,0
20070083,0,0,2,1
20070087,3,30,62,144
20070089,0,0,6,2
20070093,0,0,3,3
20070095,0,0,16,5
20070096,0,3,9,11
20070097,0,0,1,2
20070099,17,41,99,260
20070100,36,131,208,747
20070124,0,0,5,2
20070141,1,1,10,17
20070182,1,1,8,20
20070183,7,5,28,69
20070184,1,3,15,22
20070186,0,3,12,16
20070187,4,3,15,43
20070188,1,0,9,18
20070189,0,0,1,1
20070190,0,0,1,3
20070191,0,1,1,2
20070230,0,0,1,0
20080012,0,0,2,2
20080014,7,16,62,71
20080015,1,0,16,16
20080017,1,0,3,5
20080018,12,18,100,170
20080027,1,1,9,15
20080031,0,7,14,33
20080032,0,1,3,3
20080033,0,0,2,0
20080034,0,1,20,17
20080037,1,1,18,13
20080038,17,21,70,112
20080040,0,0,3,1
20080041,0,1,7,5
20080042,0,0,1,0
20080043,0,0,2,1
20080045,2,7,40,49
20080048,0,0,2,0
20080057,0,0,1,0
20080059,5,12,58,103
20080060,0,0,6,5
20080066,18,32,133,278
20080069,2,6,40,49
20080074,2,4,42,39
20080077,0,1,26,10
20080078,2,1,22,35
20080081,2,2,18,33
20080082,0,0,1,0
20080084,0,0,1,0
20080087,2,2,18,32
20080089,0,0,1,0
20080095,1,0,6,11
20080103,5,4,42,62
20080104,0,1,7,14
20080107,1,0,6,5
20080108,2,4,29,52
20080109,0,0,1,0
20080110,1,1,9,15
20080111,0,0,4,6
20080112,0,0,8,13
20080245,0,0,1,2
20080259,6,9,29,49
20080260,0,0,7,13
20080261,0,0,1,0
20080262,13,22,68,235
20080263,0,1,3,6
20080309,0,0,4,6
20080310,1,0,3,2
20080320,0,1,5,6
20080321,0,0,1,0
20080334,6,10,36,70
20080339,1,4,17,46
20080340,1,0,7,3
20080341,2,1,8,13
20080342,1,0,4,9
20080344,1,2,9,19
20080345,0,4,6,8
20090004,0,0,1,0
20090012,3,0,16,5
20090013,0,0,2,1
20090018,3,11,50,66
20090020,16,67,155,368
20090021,0,0,12,12
20090025,1,0,1,2
20090030,1,0,7,6
20090031,10,28,108,165
20090037,2,1,19,22
20090041,0,0,1,0
20090050,9,14,61,92
20090051,2,15,52,114
20090053,0,1,1,1
20090059,0,0,1,0
20090061,6,38,67,182
20090064,1,0,15,30
20090067,0,0,2,0
20090073,0,1,3,2
20090074,0,0,1,1
20090076,0,0,1,4
20090077,2,1,23,25
20090079,0,0,4,10
20090081,0,4,31,51
20090084,0,0,1,0
20090086,0,0,4,0
20090089,0,0,2,1
20090092,2,6,38,44
20090093,0,0,3,0
20090102,1,3,14,26
20090103,0,0,1,0
20090104,2,6,18,42
20090106,1,1,6,8
20090109,1,2,24,37
20090117,0,0,7,5
20090118,3,1,11,19
20090119,18,21,83,152
20090121,1,0,1,1
20090122,0,0,1,0
20090125,0,0,4,4
20090126,0,0,1,0
20090127,0,1,8,20
20090130,0,0,6,7
20090132,0,0,2,2
20090134,0,0,9,12
20090142,2,3,53,71
20090143,0,0,1,1
20090144,12,40,110,277
20090146,6,7,57,57
20090147,0,0,1,0
20090150,0,0,2,0
20090151,4,3,51,56
20090152,1,0,3,2
20090154,1,1,19,14
20090159,0,1,9,9
20090164,0,0,4,9
20090165,0,1,7,16
20090166,0,5,19,20
20090168,2,4,26,59
20090169,1,1,11,18
20090171,1,0,2,4
20090172,0,0,1,1
20090221,0,4,14,27
20090222,3,2,13,20
20090223,1,0,6,14
20090225,3,5,20,50
20090226,0,1,7,9
20090227,1,7,25,49
20090229,0,0,2,4
20090237,40,37,106,305
20090239,0,0,4,0
20090240,1,2,8,12
20090243,7,1,20,43
20100001,22,30,71,218
20100002,3,9,20,48
20100003,1,5,23,29
20100009,0,0,2,2
20100013,0,0,1,0
20100014,1,5,22,28
20100017,2,2,17,15
20100019,0,0,7,5
20100023,1,0,2,0
20100026,0,1,3,7
20100027,18,24,117,190
20100030,0,0,1,1
20100032,0,0,1,1
20100041,1,2,10,13
20100042,3,6,26,53
20100047,0,0,5,10
20100048,0,0,6,2
20100051,0,0,7,7
20100052,2,3,35,34
20100054,0,0,1,1
20100056,1,5,20,12
20100058,0,0,2,2
20100062,3,9,44,59
20100063,6,20,48,92
20100065,0,0,8,3
20100073,0,0,1,0
20100076,0,1,10,2
20100077,2,12,69,135
20100079,0,1,5,10
20100080,1,7,28,51
20100081,1,0,6,5
20100086,0,0,2,0
20100090,0,0,1,0
20100093,0,0,1,0
20100095,2,7,29,47
20100096,0,0,1,0
20100097,1,1,23,28
20100098,3,16,26,62
20100099,2,4,11,21
20100102,0,1,3,2
20100103,1,2,14,26
20100104,1,0,9,8
20100111,0,1,5,3
20100112,0,2,15,12
20100116,0,0,1,1
20100121,0,0,1,0
20100124,0,4,15,32
20100125,0,0,3,1
20100127,0,0,5,3
20100134,5,11,78,125
20100135,0,0,2,1
20100140,0,0,2,1
20100143,0,0,1,1
20100147,2,2,17,27
20100149,0,0,10,9
20100150,0,6,18,25
20100154,0,0,2,6
20100162,0,0,3,2
20100164,1,2,35,36
20100166,1,0,1,1
20100167,2,2,15,15
20100169,0,0,1,0
20100172,18,41,90,244
20100176,15,15,70,130
20100177,0,0,2,0
20100178,0,0,6,3
20100179,0,0,4,0
20100186,1,2,10,9
20100207,3,0,13,24
20100251,0,0,5,10
20100260,0,0,1,2
20100261,1,3,12,13
20100272,0,1,8,3
20100273,0,0,1,0
20100278,0,4,11,19
20100279,4,2,15,26
20100282,0,0,1,1
20100286,1,4,9,16
20100299,0,0,1,0
20110001,0,0,2,2
20110012,0,0,1,0
20110014,2,1,12,17
20110016,0,0,2,5
20110028,0,0,6,17
20110036,0,0,2,0
20110040,6,14,59,114
20110043,0,1,14,29
20110044,0,0,1,0
20110046,0,1,2,3
20110049,1,1,14,11
20110050,0,1,4,2
20110060,7,17,41,74
20110064,4,13,24,54
20110067,7,5,47,63
20110068,0,1,8,6
20110070,0,0,1,0
20110073,6,19,75,133
20110074,2,6,26,38
20110079,1,0,2,2
20110081,1,0,2,0
20110090,0,0,3,3
20110095,0,0,3,6
20110096,0,0,9,4
20110097,1,4,56,79
20110105,1,6,25,95
20110109,0,0,2,0
20110112,0,0,2,0
20110114,0,0,1,3
20110117,0,0,3,3
20110121,2,3,13,12
20110122,1,1,7,9
20110131,2,5,33,57
20110132,1,1,13,12
20110134,1,0,16,18
20110137,1,2,7,13
20110138,3,7,43,53
20110146,0,0,1,0
20110150,3,1,22,23
20110153,0,1,19,4
20110157,7,13,78,138
20110158,0,0,1,0
20110159,3,5,31,39
20110160,0,0,2,0
20110161,0,0,4,3
20110165,0,0,3,2
20110167,0,0,6,7
20110169,4,14,49,83
20110186,3,3,22,33
20110188,1,2,19,32
20110189,2,0,11,17
20110190,5,30,112,165
20110191,15,11,80,119
20110193,8,12,54,115
20110194,0,0,1,1
20110195,0,0,1,1
20110197,3,2,20,17
20110198,1,0,2,1
20110201,0,0,8,1
20110203,0,0,1,1
20110205,0,0,5,2
20110209,6,6,29,96
20110210,4,6,32,57
20110211,0,2,7,10
20110227,1,0,2,3
20110228,1,1,7,5
20110229,0,0,3,1
20110241,0,0,8,9
20110245,0,0,3,6
20110248,14,24,94,158
20110251,8,19,72,179
20110252,3,17,57,121
20110254,0,0,3,9
20110387,3,6,20,26
20110388,0,0,10,22
20110395,3,16,43,83
20110398,0,1,6,10
20110399,0,0,1,1
20110400,1,2,18,25
20110416,0,0,1,1
20110417,0,0,4,5
20110419,0,0,1,2
20120002,0,3,11,24
20120004,1,1,5,7
20120009,0,0,1,2
20120011,5,4,35,61
20120013,0,1,7,8
20120017,0,1,2,3
20120021,1,2,15,28
20120022,0,0,4,4
20120024,1,4,32,58
20120027,0,1,4,2
20120028,0,0,1,0
20120034,0,0,9,14
20120035,0,4,17,29
20120037,0,1,1,1
20120041,0,0,3,7
20120054,0,0,2,2
20120062,1,1,4,7
20120063,0,0,2,2
20120064,1,1,8,7
20120066,0,0,1,1
20120068,0,1,7,8
20120080,2,3,10,14
20120086,7,7,40,66
20120088,2,4,22,44
20120089,4,1,16,36
20120090,2,6,16,34
20120091,2,2,14,20
20120095,0,0,1,0
20120098,7,11,49,70
20120105,3,11,35,64
20120106,0,0,3,3
20120112,4,6,24,53
20120117,2,2,11,14
20120126,3,14,35,70
20120127,1,2,10,14
20120128,5,7,27,52
20120130,0,0,3,2
20120131,2,5,14,18
20120133,7,12,40,69
20120144,0,0,2,0
20120145,0,0,1,2
20120152,12,30,77,271
20120153,0,0,2,2
20120154,1,1,15,11
20120156,0,0,1,0
20120158,0,0,1,0
20120162,10,16,48,80
20120163,4,0,8,5
20120254,0,3,16,34
20120255,1,4,14,25
20120256,1,4,16,19
20120259,0,0,2,2
20120260,6,16,43,135
20120263,8,8,49,59
20120264,3,2,13,23
20120265,1,2,21,39
20120268,0,0,2,6
20120269,1,1,6,19
20120270,0,1,7,15
20130026,2,3,25,41
20130028,16,13,50,67
20130032,1,0,15,20
20130097,0,0,4,3
20130098,0,0,2,2
20130107,5,18,49,134
20130113,0,0,12,5
20130115,1,0,6,9
20130117,1,3,24,26
20130119,0,0,3,2
20130120,0,0,1,0
20130121,0,10,21,59
20130122,0,0,1,1
20130128,2,1,9,15
20130129,0,2,4,6
20130131,5,11,45,61
20130132,0,0,5,11
20130135,1,6,12,30
20130137,0,0,5,3
20130144,2,5,29,26
20130153,0,0,2,2
20130155,0,0,1,1
20130160,0,1,10,8
20130164,2,14,40,122
20130189,4,7,19,37
20130190,0,1,5,4
20130197,0,0,1,1
20130239,1,4,14,17
20130242,3,6,35,54
20130243,0,1,8,9
20130244,0,0,1,0
20130248,7,24,52,134
20130258,0,0,2,7
20130260,0,0,2,5
20130292,3,3,20,32
20130295,0,0,1,1
20130297,2,10,60,70
20130298,5,3,27,93
20130299,2,1,14,20
20130304,2,3,19,28
20130307,1,2,12,12
20130310,0,0,1,1
20130318,4,5,23,43
20130325,0,0,1,2
20130329,1,1,11,14
20130330,12,14,57,80
20130331,0,0,1,1
20130332,2,2,8,15
20130335,0,0,1,0
20130336,2,2,17,23
20130340,1,1,19,18
20130345,0,0,3,1
20130347,0,0,2,0
20130351,0,0,1,0
20130353,4,11,51,123
20130354,1,0,3,6
20130355,1,0,2,4
20130356,0,0,1,1
20130359,0,0,1,1
20130363,0,0,4,3
20130395,0,3,24,33
20130396,0,0,1,1
20130408,0,0,7,6
20130409,0,0,2,2
20130412,4,15,34,121
20130413,1,0,1,1
20130430,0,0,1,4
20130433,0,0,4,6
20130436,0,3,9,21
20140032,0,1,1,2
20140033,0,0,1,1
20140035,0,0,8,8
20140040,0,0,1,1
20140042,0,1,8,8
20140052,0,0,1,1
20140055,0,6,19,55
20140056,0,0,1,3
20140064,0,0,2,3
20140065,0,1,4,4
20140073,0,0,2,2
20140077,2,6,22,66
20140093,0,0,4,7
20140097,0,0,1,2
20140105,1,0,1,0
20140106,0,0,1,0
20140109,2,1,14,20
20140112,0,0,1,0
20140114,0,0,6,10
20140115,0,0,1,4
20140116,3,4,26,57
20140117,1,3,13,19
20140119,1,0,9,13
20140123,1,1,13,8
20140125,0,1,5,5
20140126,4,4,22,57
20140136,4,2,10,11
20140141,0,1,10,18
20140142,1,2,5,12
20140145,2,1,21,40
20140150,2,0,5,4
20140153,2,2,12,32
20140163,0,0,5,3
20140166,0,0,2,1
20140170,3,3,16,24
20140171,0,0,2,1
20140172,0,0,4,7
20140173,0,0,1,0
20140174,0,0,1,0
20140180,0,1,4,3
20140186,0,0,2,0
20140190,0,7,22,36
20140194,1,3,22,41
20140203,0,0,1,0
20140207,0,0,3,5
20140220,1,0,4,5
20140226,0,0,1,0
20140227,2,2,11,9
20140239,0,12,38,58
20140240,0,0,2,5
20140245,1,0,2,2
20140246,6,34,47,141
20140250,0,0,2,1
20140252,0,2,11,22
20140259,5,18,55,149
20140260,0,2,9,20
20140261,0,5,8,18
20140264,6,26,46,176
20140271,0,1,2,2
20140274,0,0,3,6
20140275,1,0,5,11
20140276,2,4,16,24
20140278,0,2,12,14
20140279,0,1,3,2
20140282,2,20,36,112
20140287,0,0,1,1
20140288,0,0,2,1
20150009,0,0,3,6
20150013,0,2,10,18
20150026,0,0,1,1
20150028,0,1,6,5
20150029,0,1,1,2
20150030,0,0,1,2
20150034,2,6,13,26
20150038,0,0,1,1
20150039,0,0,1,0
20150047,0,0,2,0
20150066,1,0,3,2
20150077,0,1,2,3
20150078,0,0,4,2
20150082,0,0,1,0
20150085,0,0,1,2
20150093,2,2,11,13
20150096,1,4,11,26
20150097,0,0,1,0
20150100,0,0,1,2
20150115,3,7,14,40
20150116,0,0,1,1
20150118,0,0,1,0
20150123,2,15,25,52
20150134,1,0,1,1
20150135,0,0,8,7
20150137,1,0,3,1
20150147,1,0,7,15
20150154,1,3,14,36
20150155,0,0,11,13
20150160,0,0,5,6
20150173,0,2,6,5
20150178,0,0,2,5
20150180,1,3,11,19
20150198,7,8,20,69
20150200,0,4,10,28
20150202,0,0,14,27
20150220,0,0,6,9
20150222,1,1,12,21
20150223,2,9,21,53
20150225,0,0,5,4
20150243,3,2,5,24
20150251,2,0,3,4
20150253,1,3,6,15
20150256,0,1,7,6
20150259,0,0,2,7
20150260,0,0,3,5
20150261,0,0,2,0
20150264,0,0,1,1
20150265,0,0,3,5
20150267,0,1,5,20
20150272,0,0,3,7
